TymeBreathRate,tidal_volume,TymeVentilation
16.09,262.0,52.99
16.27,260.9,52.85
16.46,259.8,52.71
16.65,258.8,52.56
17.01,256.7,52.28
17.32,254.9,52.04
17.44,254.2,51.95
17.56,253.5,51.86
17.68,252.8,51.77
17.8,252.2,51.68
17.92,251.5,51.58
18.1,250.5,51.45
18.28,249.4,51.31
18.47,248.3,51.16
18.7,247.0,50.99
19.0,245.3,50.76
19.28,243.7,50.54
19.47,242.6,50.4
19.65,241.6,50.25
19.84,240.5,50.11
20.04,239.3,49.95
20.25,238.2,49.8
20.46,237.0,49.64
20.7,235.4,49.42
20.98,233.5,49.17
21.27,231.6,48.92
21.58,229.8,48.67
21.75,228.5,48.5
21.82,227.5,48.37
21.9,226.6,48.24
21.98,225.6,48.11
22.0,224.3,47.93
22.0,222.7,47.71
22.04,220.9,47.48
22.16,218.9,47.21
22.25,217.4,47.01
22.32,216.4,46.87
22.39,215.4,46.74
22.46,214.4,46.6
22.52,213.2,46.44
22.57,211.9,46.27
22.63,210.7,46.1
22.7,209.9,46.27
22.78,209.1,46.48
22.86,208.4,46.69
22.98,205.8,46.57
23.1,203.5,46.43
23.11,204.3,46.56
23.12,205.0,46.69
23.13,205.8,46.82
23.14,206.5,46.95
23.14,206.7,47.07
23.15,206.8,47.2
23.15,206.8,47.33
23.13,207.4,47.61
23.09,208.7,48.11
23.04,209.9,48.61
22.95,211.4,48.9
22.84,212.9,49.07
22.73,214.4,49.23
22.6,212.2,48.96
22.48,209.9,48.69
22.43,206.9,48.21
22.48,202.9,47.48
22.52,198.8,46.76
22.79,192.8,45.28
23.0,190.0,44.5
23.07,192.1,44.88
23.13,194.1,45.27
23.2,196.2,45.65
23.27,198.1,46.01
23.41,198.1,46.15
23.55,198.0,46.28
23.69,198.5,46.47
23.85,199.7,46.76
24.01,200.9,47.05
24.16,203.2,47.42
24.28,206.9,47.9
24.38,210.1,48.3
24.41,210.9,48.28
24.45,212.3,48.49
24.51,216.1,49.56
24.52,216.2,49.7
24.54,216.3,49.85
24.55,216.4,49.99
24.57,217.0,50.17
24.59,219.2,50.48
24.61,221.4,50.8
24.61,221.3,50.81
24.58,219.5,50.59
24.56,217.7,50.37
24.54,215.8,50.18
24.55,213.8,50.09
24.57,211.8,50.01
24.6,213.5,50.76
24.65,215.5,51.6
24.66,216.5,51.92
24.67,216.8,51.99
24.67,217.2,52.06
24.67,217.6,52.13
24.67,218.5,52.28
24.66,219.4,52.43
24.6,220.8,52.61
24.5,222.6,52.81
24.41,224.5,53.01
24.15,225.3,52.76
23.87,225.8,52.44
23.73,224.5,52.13
23.58,223.1,51.81
23.44,221.8,51.5
23.27,220.9,51.4
23.08,220.8,51.7
22.96,221.6,51.92
22.94,223.4,52.03
22.91,225.1,52.14
22.93,226.2,52.14
22.99,226.5,52.0
23.05,226.8,51.87
23.12,227.1,51.74
23.22,227.9,51.89
23.33,228.8,52.06
23.44,229.8,52.24
23.56,231.1,52.44
23.67,232.2,52.57
23.7,229.6,51.41
23.73,227.1,50.3
23.67,226.5,50.31
23.62,225.9,50.32
23.56,225.4,50.33
23.48,225.6,50.76
23.4,226.2,51.38
23.32,228.1,51.76
23.24,230.8,52.01
23.16,232.8,52.23
23.07,234.0,52.38
22.99,235.2,52.54
22.9,236.4,52.69
22.8,236.6,52.71
22.67,234.5,52.43
22.53,232.4,52.16
22.45,232.2,51.97
22.39,232.5,51.8
22.33,232.8,51.64
22.34,232.4,51.56
22.36,231.9,51.49
22.37,231.5,51.41
22.37,230.9,51.29
22.37,229.8,51.09
22.36,228.7,50.88
22.39,227.6,50.77
22.48,226.6,50.87
22.56,225.6,50.97
22.65,224.6,51.08
22.77,224.1,51.22
22.91,224.1,51.42
23.05,224.2,51.61
23.12,223.9,51.45
23.17,223.5,51.24
23.23,223.2,51.03
23.28,222.9,50.82
23.28,222.1,50.73
23.27,221.3,50.67
23.25,220.4,50.62
23.23,219.7,50.57
23.2,222.0,50.58
23.17,224.4,50.6
22.99,224.8,50.4
22.79,225.1,50.18
22.65,225.4,49.88
22.51,225.6,49.58
22.49,223.6,49.14
22.54,220.3,48.63
22.82,219.7,48.67
23.1,219.4,48.76
23.27,220.5,49.18
23.44,221.5,49.6
23.61,222.6,50.01
23.78,223.6,50.43
24.07,223.0,50.01
24.35,222.3,49.58
24.64,221.7,49.17
25.01,221.0,49.12
25.37,220.3,49.08
25.51,219.2,48.95
25.57,218.0,48.8
25.62,216.8,48.65
25.68,215.6,48.5
25.58,212.8,48.29
25.45,209.5,48.06
25.22,208.9,48.19
24.94,209.2,48.46
24.52,211.2,49.12
24.24,211.5,49.03
24.0,211.4,48.78
23.83,211.2,48.67
23.77,211.0,48.75
23.72,210.7,48.84
23.66,210.4,48.92
23.64,210.2,49.0
23.66,210.1,49.07
23.68,210.0,49.15
23.71,210.1,49.24
23.78,210.5,49.4
23.85,210.9,49.55
23.92,211.3,49.7
23.99,211.7,49.85
24.22,211.5,49.79
24.47,211.2,49.71
24.71,210.9,49.63
24.96,210.9,49.64
25.21,211.0,49.69
25.46,211.1,49.75
25.71,211.5,49.84
25.92,213.1,50.02
26.06,215.0,50.09
26.08,217.2,49.96
26.0,216.8,49.67
25.81,214.0,49.22
25.62,212.3,48.85
25.43,210.7,48.47
25.24,209.0,48.1
24.92,208.8,48.21
24.58,208.7,48.37
24.49,205.8,48.4
24.44,204.0,48.53
24.61,206.2,49.0
24.81,207.8,49.24
25.01,209.0,49.4
25.22,210.3,49.55
25.36,210.0,49.32
25.48,209.5,49.03
25.61,209.1,48.75
25.73,208.6,48.46
25.92,209.5,48.38
26.15,211.1,48.4
26.16,210.9,48.39
26.11,210.1,48.37
26.06,209.3,48.35
26.01,208.6,48.33
25.83,208.5,48.15
25.65,208.4,47.97
25.44,207.5,47.82
25.16,204.7,47.79
24.88,202.0,47.8
24.49,201.3,48.11
24.15,201.2,48.4
23.88,202.3,48.66
23.63,203.1,48.89
23.54,202.6,48.73
23.46,202.0,48.57
23.41,201.7,48.53
23.39,201.8,48.58
23.37,201.9,48.64
23.34,202.0,48.69
23.33,201.3,48.37
23.32,200.4,47.98
23.32,199.5,47.58
23.37,198.0,47.38
23.44,196.4,47.22
23.51,194.8,47.06
23.61,194.8,47.41
23.72,195.3,47.86
23.86,198.4,49.16
24.0,202.6,50.84
24.03,203.6,50.81
24.05,204.6,50.76
24.07,205.5,50.7
23.99,203.9,50.28
23.9,202.2,49.86
23.8,201.6,49.58
23.69,201.3,49.35
23.69,201.2,49.46
23.7,201.1,49.61
23.71,200.9,49.75
23.82,199.7,49.65
24.05,197.1,49.25
24.28,195.4,49.0
24.5,195.0,49.0
24.72,194.6,49.0
24.94,194.2,49.0
25.3,193.5,48.83
25.76,192.6,48.52
26.26,192.1,48.27
26.85,192.4,48.16
27.27,192.5,48.07
27.53,192.6,48.0
27.79,192.6,47.93
28.04,192.7,47.87
28.31,194.3,47.9
28.53,195.0,47.86
28.5,191.2,47.38
28.42,188.3,47.17
28.28,186.5,47.25
28.15,185.4,47.34
28.06,184.8,47.39
28.07,185.4,47.35
28.09,186.2,47.29
28.11,187.2,47.23
28.13,188.2,47.17
28.15,189.3,47.11
28.18,189.4,47.02
28.21,189.5,46.92
28.25,189.6,46.82
28.28,188.2,46.5
28.31,186.5,46.1
28.34,185.0,45.76
28.34,184.4,45.63
28.35,183.8,45.49
28.35,183.2,45.35
28.32,183.2,45.55
28.23,183.9,46.24
28.13,184.6,46.72
27.98,185.1,46.67
27.84,185.5,46.62
27.69,185.1,46.66
27.52,184.3,46.74
27.33,183.8,46.81
27.03,184.1,46.85
26.74,184.4,46.9
26.43,184.7,46.84
26.12,185.0,46.77
25.78,184.3,46.71
25.41,182.4,46.65
25.03,180.5,46.6
24.86,181.0,46.79
24.69,181.6,46.98
24.51,182.1,47.16
24.36,183.0,47.32
24.24,184.6,47.42
24.23,186.1,47.48
24.34,187.6,47.52
24.46,189.4,47.64
24.59,191.5,47.85
24.72,193.1,47.93
24.84,193.1,47.65
24.96,193.2,47.37
25.02,193.2,46.96
25.06,193.2,46.46
25.1,193.2,45.97
25.14,193.2,45.47
25.15,193.9,45.46
25.15,194.8,45.64
25.16,195.7,45.81
25.18,196.9,45.94
25.21,198.2,46.06
25.27,197.1,46.1
25.34,195.9,46.14
25.39,194.9,46.2
25.42,194.9,46.32
25.44,194.8,46.44
25.46,194.7,46.57
25.48,194.9,46.71
25.5,196.0,46.9
25.52,197.1,47.1
25.53,198.2,47.3
25.48,200.0,47.84
25.42,201.9,48.37
25.37,201.9,48.5
25.31,201.8,48.6
25.24,201.7,48.77
25.14,201.6,49.02
25.04,201.5,49.27
24.94,201.5,49.38
24.84,200.9,49.4
24.75,199.2,49.31
24.67,198.1,49.28
24.62,200.6,49.56
24.57,203.0,49.83
24.5,203.9,49.71
24.42,204.3,49.47
24.34,204.7,49.23
24.27,205.2,49.17
24.19,205.8,49.23
24.12,206.4,49.29
24.03,206.8,49.37
23.94,207.1,49.47
23.96,205.9,49.4
24.03,204.1,49.26
24.09,202.3,49.12
24.19,201.6,49.06
24.31,201.6,49.05
24.44,201.5,49.04
24.56,201.5,49.03
24.66,202.4,49.16
24.75,203.4,49.32
24.84,204.4,49.47
24.91,205.1,49.62
24.98,205.7,49.77
25.09,202.0,48.59
25.12,198.8,47.72
25.06,198.4,47.82
25.0,197.9,47.92
24.94,197.8,48.01
24.84,199.6,48.13
24.74,201.5,48.23
24.64,202.2,48.14
24.59,202.5,48.11
24.58,202.2,48.13
24.6,202.2,48.14
24.63,202.4,48.16
24.67,202.5,48.16
24.74,202.7,48.15
24.81,203.0,48.14
24.87,203.0,48.13
24.93,202.9,48.13
24.99,202.7,48.13
25.05,202.6,48.13
25.11,203.4,48.21
25.17,204.2,48.3
25.24,205.1,48.39
25.3,205.9,48.47
25.39,205.4,48.42
25.49,204.2,48.29
25.58,203.4,48.21
25.6,203.7,48.26
25.63,204.0,48.31
25.56,203.0,48.2
25.41,200.9,47.95
25.26,200.2,47.89
25.11,200.8,48.0
24.96,201.5,48.12
24.81,202.1,48.22
24.71,202.7,48.29
24.61,203.3,48.36
24.46,204.1,48.43
24.28,205.0,48.5
24.15,206.1,48.35
24.07,207.5,48.03
24.09,206.8,47.67
24.18,204.4,47.28
24.26,202.5,46.94
24.34,201.1,46.67
24.41,199.8,46.41
24.48,198.5,46.15
24.57,198.6,46.04
24.66,200.5,46.14
24.75,202.4,46.24
24.84,202.7,46.05
24.94,202.6,45.76
24.99,202.9,45.5
25.02,203.7,45.25
25.02,203.8,45.21
25.01,203.7,45.18
24.98,202.9,45.08
24.91,200.5,44.86
24.84,198.2,44.63
24.73,197.5,44.7
24.62,196.7,44.77
24.51,196.0,44.85
24.36,196.2,45.19
24.09,199.8,46.51
23.93,200.5,46.87
23.84,199.4,46.59
23.75,198.3,46.31
23.68,198.2,46.21
23.61,198.2,46.13
23.58,197.8,46.07
23.57,197.1,46.03
23.55,196.3,45.98
23.54,195.6,45.94
23.52,195.8,46.03
23.49,195.9,46.13
23.47,196.0,46.23
23.44,196.8,46.53
23.41,198.1,46.98
23.38,199.4,47.44
23.32,200.8,47.74
23.26,202.4,48.01
23.19,203.9,48.28
23.14,205.0,48.43
23.13,205.2,48.31
23.12,205.2,48.18
23.16,201.3,47.74
23.19,199.7,47.62
23.22,199.3,47.64
23.25,198.8,47.67
23.29,198.3,47.7
23.38,200.6,47.9
23.48,202.7,48.06
23.56,203.2,48.05
23.63,203.7,48.03
23.7,204.2,48.01
23.78,204.8,48.22
23.84,205.4,48.71
23.91,206.0,49.21
24.01,206.2,49.6
24.11,206.4,49.96
24.27,206.1,50.12
24.45,205.6,50.23
24.55,205.8,50.22
24.63,206.3,50.14
24.71,206.8,50.07
24.78,207.4,50.0
24.86,207.4,49.99
24.94,207.0,50.03
25.01,206.7,50.08
25.07,206.7,50.13
25.13,206.7,50.18
25.14,205.2,49.97
25.14,203.2,49.64
25.13,201.3,49.38
25.14,199.5,49.2
25.14,197.7,49.01
25.26,196.3,48.63
25.38,195.1,48.46
25.5,194.4,48.59
25.61,193.6,48.73
25.71,193.6,48.94
25.74,196.0,49.41
25.77,198.5,49.88
25.75,199.5,49.91
25.74,200.6,49.93
25.76,200.0,49.92
25.8,198.2,49.89
25.83,196.9,49.93
25.8,197.3,50.19
25.77,197.6,50.45
25.73,197.9,50.71
25.63,197.4,50.86
25.52,197.0,51.0
25.42,196.4,51.13
25.35,195.9,51.24
25.32,195.6,51.37
25.3,195.6,51.5
25.28,195.8,51.64
25.27,196.0,51.78
25.25,195.9,51.87
25.21,194.4,51.65
25.17,192.8,51.43
25.14,191.3,51.22
25.06,192.3,51.68
24.97,194.0,52.34
24.97,193.6,52.38
24.98,193.0,52.39
25.04,193.1,52.66
25.15,193.5,53.08
25.25,193.9,53.49
25.35,194.3,53.9
25.46,195.5,54.04
25.58,196.5,54.12
25.67,195.3,53.7
25.76,194.1,53.27
25.87,191.9,52.76
25.99,188.3,52.13
26.12,186.2,51.9
26.28,186.7,52.36
26.44,187.3,52.82
26.61,188.0,53.21
26.81,189.1,53.54
27.0,190.1,53.87
27.26,189.7,53.84
27.56,188.1,53.68
27.94,185.0,53.42
28.34,183.5,53.48
28.78,184.4,54.0
29.22,185.2,54.48
29.66,183.3,53.59
30.06,181.6,52.87
30.35,181.1,52.75
30.7,181.1,52.66
31.1,181.6,52.6
31.62,179.8,52.51
31.99,179.0,52.49
32.25,179.0,52.54
32.51,179.0,52.55
32.78,179.1,52.51
32.95,179.0,52.76
33.08,179.3,53.03
33.16,180.1,53.28
33.25,180.9,53.52
33.32,182.6,53.86
33.36,186.7,54.47
33.38,187.7,54.47
33.37,186.6,54.09
33.31,183.2,53.55
33.21,179.9,53.18
33.01,179.5,53.5
32.81,179.0,53.82
32.59,179.4,53.8
32.37,179.9,53.77
31.98,180.5,53.54
31.63,180.9,53.36
31.4,180.8,53.35
31.17,180.8,53.33
30.94,180.7,53.31
30.66,181.0,53.3
30.26,182.1,53.3
29.99,183.0,53.19
29.79,184.0,53.04
29.65,185.1,53.09
29.52,186.3,53.16
29.39,187.5,53.22
29.25,188.5,53.12
29.06,189.0,52.5
28.87,189.5,51.89
28.86,188.7,51.56
28.85,188.6,51.35
28.85,191.0,51.63
28.85,193.4,51.9
28.83,193.2,51.5
28.81,192.1,50.89
28.78,190.8,50.5
28.75,189.0,50.5
28.71,187.4,50.5
28.63,187.2,50.49
28.54,187.0,50.48
28.46,186.8,50.47
28.24,186.9,50.59
27.92,187.3,50.83
27.56,187.4,50.69
27.22,187.4,50.59
26.93,187.5,50.57
26.76,187.1,50.51
26.59,186.7,50.44
26.43,186.2,50.33
26.29,185.6,50.15
26.15,185.0,49.98
26.05,182.8,49.43
25.97,180.0,48.76
25.94,179.4,48.67
25.94,179.4,48.77
25.93,179.5,48.87
26.02,178.8,48.56
26.15,177.8,48.07
26.29,176.7,47.65
26.48,175.2,47.78
26.68,173.8,47.92
26.87,172.6,48.11
27.04,174.2,48.78
27.21,175.7,49.46
27.39,177.2,50.13
27.52,176.4,49.77
27.65,175.6,49.41
27.72,174.9,49.22
27.78,174.1,49.07
27.84,173.4,48.93
27.93,172.3,48.81
28.05,171.6,48.8
28.21,175.5,49.37
28.48,175.1,49.39
28.82,171.7,49.05
29.29,171.6,49.07
29.79,173.0,49.22
30.28,175.1,49.39
30.76,176.7,49.37
31.23,177.0,49.0
31.68,177.1,48.67
32.05,176.7,48.45
32.41,176.6,48.33
32.75,176.9,48.33
33.2,177.1,48.33
33.53,177.0,48.32
33.58,176.2,48.28
33.64,175.4,48.24
33.69,174.6,48.2
33.68,174.1,48.38
33.52,174.1,49.1
33.23,174.0,49.4
32.9,173.8,49.5
32.71,173.6,49.76
32.52,173.3,50.02
32.34,173.1,50.29
32.08,173.7,50.57
31.67,176.1,50.88
31.29,177.1,51.02
30.97,174.8,50.76
30.63,172.9,50.58
30.07,173.5,50.88
29.8,173.6,50.67
29.58,173.6,50.36
29.36,173.5,50.05
29.08,173.6,49.8
28.71,173.9,49.64
28.4,174.5,49.57
28.2,175.8,49.66
28.0,177.0,49.75
27.78,177.3,49.77
27.56,177.5,49.77
27.33,177.7,49.77
27.23,177.2,49.47
27.12,176.6,49.17
27.02,176.1,48.87
26.99,176.8,49.01
26.96,177.5,49.15
26.97,178.3,49.47
26.97,179.1,49.82
26.97,179.9,50.14
26.87,180.3,50.19
26.78,180.7,50.25
26.72,184.6,50.55
26.66,188.8,50.93
26.55,190.0,51.24
26.52,190.1,51.14
26.5,189.9,50.94
26.48,189.7,50.74
26.57,187.5,49.73
26.63,186.2,49.08
26.62,186.7,49.19
26.6,187.2,49.3
26.6,187.7,49.41
26.68,188.5,49.53
26.81,189.4,49.6
27.0,190.1,49.6
27.17,189.5,49.52
27.32,187.9,49.4
27.48,186.4,49.28
27.63,184.8,49.16
27.75,185.7,49.29
27.87,187.1,49.48
27.97,187.9,49.54
28.05,188.2,49.48
28.16,188.8,49.5
28.29,189.7,49.56
28.35,190.3,49.61
28.28,190.4,49.64
28.22,190.6,49.67
28.14,190.7,49.75
27.97,191.1,50.11
27.81,191.4,50.48
27.55,190.3,50.53
27.45,190.5,50.92
27.35,190.8,51.33
27.29,191.3,51.57
27.25,192.0,51.72
27.2,192.7,51.87
27.17,193.4,51.99
27.22,193.9,51.91
27.21,193.3,51.82
27.16,191.5,51.74
27.09,191.2,51.55
27.01,192.0,51.3
26.93,192.4,51.03
26.92,189.2,50.48
26.91,185.9,49.93
26.83,185.1,50.11
26.72,185.8,50.7
26.6,186.0,50.98
26.46,185.5,50.86
26.33,185.3,50.83
26.19,185.7,51.07
26.12,186.2,51.31
26.17,186.7,51.52
26.23,187.3,51.73
26.28,187.9,51.93
26.37,189.1,51.93
26.46,190.4,51.93
26.5,191.0,52.06
26.53,191.7,52.18
26.57,192.4,52.31
26.63,192.7,52.41
26.77,192.0,52.47
26.91,191.3,52.52
27.16,191.2,52.89
27.41,191.1,53.17
27.63,191.0,53.1
27.84,190.9,53.02
28.21,191.9,53.08
28.48,191.9,53.11
28.6,190.4,53.05
28.73,189.0,53.0
28.98,188.4,53.03
29.16,188.3,53.17
29.31,188.6,53.36
29.4,189.7,53.51
29.47,191.1,53.64
29.54,192.5,53.77
29.7,192.5,53.7
29.93,192.2,53.59
30.36,191.1,53.5
30.67,190.9,53.6
30.97,190.8,53.7
31.1,192.1,53.71
31.23,193.4,53.73
31.34,193.5,53.56
31.43,192.4,53.2
31.47,192.0,53.11
31.48,192.2,53.25
31.48,192.4,53.39
31.49,192.6,53.53
31.46,190.7,53.39
31.44,188.7,53.24
31.23,188.1,53.19
31.03,187.6,53.0
30.83,187.3,52.51
30.73,187.5,52.36
30.64,187.9,52.26
30.56,188.3,52.17
30.44,188.3,51.94
30.23,187.3,51.28
30.07,186.6,50.86
29.95,186.3,50.67
29.82,186.0,50.48
29.56,185.4,50.09
29.32,186.6,49.93
29.2,190.9,50.29
29.13,193.2,50.67
29.09,193.9,51.08
29.05,194.7,51.48
29.02,195.4,51.88
28.93,199.2,52.69
28.83,203.4,53.56
28.66,204.4,53.1
28.49,204.6,52.32
28.23,205.5,52.3
27.95,206.4,52.42
27.77,206.6,52.55
27.6,206.6,52.69
27.43,206.6,52.83
27.23,207.9,52.94
27.02,209.6,53.04
26.82,211.3,53.14
26.61,211.9,53.53
26.41,212.4,53.92
26.18,212.0,54.02
25.9,210.3,53.76
25.65,208.9,53.57
25.61,210.0,53.81
25.56,211.2,54.05
25.51,212.8,54.06
25.47,214.6,53.96
25.41,216.2,53.87
25.29,216.4,53.87
25.18,216.6,53.87
25.06,216.8,53.87
24.9,216.3,53.82
24.71,215.7,53.75
24.69,214.6,53.5
24.74,213.3,53.18
24.76,212.5,53.0
24.7,213.5,53.3
24.64,214.3,53.51
24.6,214.4,53.37
24.56,214.5,53.23
24.51,214.6,53.1
24.58,212.9,52.77
24.69,210.6,52.39
24.76,210.1,52.25
24.81,210.2,52.2
24.87,210.3,52.14
24.92,210.3,52.08
24.98,210.4,52.02
24.97,212.3,52.29
24.98,214.4,52.6
25.09,214.9,52.62
25.2,215.5,52.63
25.43,214.2,52.4
25.65,212.8,52.19
25.71,212.9,52.51
25.77,213.0,52.84
25.84,213.1,53.16
25.94,214.2,53.43
26.08,216.7,53.65
26.29,219.7,54.19
26.59,223.4,55.15
26.64,223.6,55.07
26.65,223.3,54.84
26.64,223.1,54.68
26.6,222.9,54.59
26.56,222.8,54.49
26.54,222.2,54.47
26.56,220.9,54.58
26.57,221.0,54.78
26.59,221.6,55.02
26.51,221.7,55.1
26.39,221.5,55.1
26.31,222.1,55.14
26.36,224.7,55.28
26.39,226.0,55.19
26.4,225.3,54.8
26.41,224.7,54.39
26.36,223.3,53.72
26.3,221.9,53.05
26.25,220.5,52.39
26.16,219.5,51.96
26.04,218.7,51.81
25.92,218.0,51.66
25.84,218.4,51.76
25.79,219.6,52.02
25.74,220.7,52.29
25.55,221.0,52.43
25.35,221.2,52.56
25.18,221.5,52.44
25.03,221.9,52.21
24.87,222.2,51.98
24.72,219.1,51.25
24.62,217.8,50.85
24.53,217.6,50.65
24.45,217.5,50.46
24.37,217.4,50.27
24.18,216.7,49.86
23.99,216.0,49.45
23.83,215.9,49.59
23.68,216.0,49.87
23.52,216.1,50.15
23.4,215.5,50.33
23.3,214.5,50.43
23.2,213.5,50.53
23.06,212.8,50.44
22.81,212.9,49.94
22.64,212.4,49.62
22.51,211.6,49.38
22.4,210.6,49.2
22.33,209.3,49.12
22.27,208.0,49.03
22.18,208.5,49.49
22.09,209.0,49.95
22.0,209.5,50.41
21.92,210.1,50.64
21.84,210.8,50.75
21.75,211.5,50.87
21.67,212.1,50.98
21.59,212.8,51.09
21.44,213.0,51.54
21.37,213.4,51.9
21.36,214.0,52.19
21.35,214.5,52.47
21.41,214.6,52.58
21.52,214.4,52.54
21.64,214.2,52.49
21.8,214.9,52.64
22.05,217.6,53.15
22.2,217.8,53.09
22.34,217.6,52.93
22.48,217.4,52.76
22.62,217.1,52.59
22.83,216.8,52.43
23.04,216.4,52.26
23.25,216.1,52.1
23.47,215.1,51.89
23.72,213.4,51.63
23.98,211.7,51.37
24.23,210.0,51.11
24.64,207.7,50.38
25.2,205.9,50.03
26.02,204.9,50.41
26.49,204.9,50.86
26.96,204.9,51.3
27.13,206.2,51.4
27.3,207.5,51.5
27.46,208.8,51.6
27.65,209.0,51.51
27.84,208.7,51.32
28.13,211.1,51.23
28.33,208.0,51.35
28.48,206.7,51.55
28.6,206.8,51.82
28.73,206.8,52.08
28.81,208.2,52.47
28.87,210.4,52.93
28.96,208.5,52.43
29.05,206.5,51.93
29.14,204.7,51.56
29.2,203.8,52.0
29.26,202.9,52.44
29.29,202.5,52.85
29.29,203.0,53.23
29.28,203.5,53.6
29.28,203.9,53.98
29.27,204.4,54.35
29.22,204.7,54.56
29.07,204.6,54.44
28.87,205.3,54.5
28.57,207.4,54.89
28.28,208.7,55.11
27.97,206.8,54.66
27.66,204.8,54.22
27.35,205.6,54.3
27.05,207.4,54.56
26.75,209.1,54.83
25.98,207.2,53.44
25.36,205.5,52.44
24.81,204.0,51.64
24.7,203.9,51.85
24.66,204.1,52.22
24.62,204.2,52.59
24.63,205.0,52.93
24.71,206.7,53.21
24.78,208.5,53.5
24.85,210.1,53.71
24.92,211.7,53.85
24.98,213.2,54.0
25.08,212.8,52.68
25.15,212.9,51.9
25.19,213.7,51.89
25.22,214.5,51.88
25.26,215.3,51.87
25.15,215.4,51.82
25.03,215.3,51.76
24.91,215.3,51.71
24.53,214.4,51.74
24.02,212.5,51.54
23.56,210.5,51.16
23.44,209.5,50.91
23.31,208.6,50.66
23.19,207.6,50.41
23.08,207.0,50.39
22.98,206.5,50.47
22.87,206.0,50.54
22.77,205.4,50.62
22.69,205.5,50.74
22.62,205.6,50.86
22.54,205.7,50.99
22.47,205.9,51.11
22.39,206.7,51.28
22.31,207.5,51.45
22.24,208.2,51.62
22.22,209.1,52.19
22.23,210.0,52.94
22.25,210.9,53.7
22.27,212.7,54.39
22.3,215.4,55.03
22.34,217.9,55.59
22.52,216.6,54.78
22.68,214.4,53.94
22.75,209.5,53.01
22.75,209.4,53.02
22.73,210.2,53.2
22.72,211.0,53.38
22.77,210.6,53.53
22.84,210.0,53.67
22.9,209.4,53.77
23.0,209.0,53.48
23.1,208.5,53.19
23.16,208.1,53.0
23.19,207.7,52.94
23.23,207.3,52.88
23.26,206.9,52.81
23.66,204.0,52.57
24.14,201.4,52.47
24.57,203.2,53.29
25.01,204.9,54.11
25.33,206.7,53.84
25.65,208.4,53.54
25.76,208.2,52.67
25.83,207.6,51.72
25.91,207.2,51.05
25.99,207.6,51.71
26.06,206.6,52.03
26.12,204.2,51.95
26.16,204.7,52.3
26.19,205.8,52.75
26.22,207.0,53.2
26.33,207.4,54.27
26.41,207.6,54.72
26.48,207.8,55.09
26.56,208.0,55.45
26.64,208.3,55.84
26.81,209.5,56.67
26.94,210.5,57.26
26.94,210.9,57.12
26.95,211.3,56.97
26.96,211.8,56.82
26.88,211.1,56.59
26.79,210.2,56.34
26.7,210.0,56.33
26.62,210.0,56.43
26.5,210.3,56.55
26.35,210.8,56.68
26.23,210.4,56.71
26.15,208.5,56.56
26.07,206.7,56.41
25.98,205.3,56.34
25.83,205.2,56.48
25.69,205.8,56.59
25.57,208.6,56.52
25.57,209.8,56.51
25.64,210.2,56.53
25.7,210.5,56.55
25.81,210.7,56.62
26.01,210.4,56.75
26.21,210.1,56.87
26.43,211.4,57.16
26.67,214.0,57.59
26.87,216.0,57.83
27.0,217.2,57.81
27.14,218.4,57.8
27.16,217.3,57.61
27.16,215.9,57.39
27.16,214.2,57.01
27.15,210.8,55.52
27.08,210.7,55.79
26.97,211.7,56.34
26.83,213.0,56.8
26.77,214.0,57.32
26.72,214.9,57.84
26.68,215.7,58.32
26.78,214.8,58.13
26.87,213.9,57.94
26.92,213.4,57.91
26.9,213.5,58.07
26.87,213.7,58.23
26.82,214.8,58.4
26.77,215.9,58.58
26.76,216.2,58.69
26.83,214.4,58.66
26.9,212.9,58.74
27.01,213.8,60.04
27.07,214.3,60.7
27.07,214.2,60.62
27.07,214.1,60.54
27.07,214.1,60.46
27.02,212.9,60.27
26.95,211.0,60.0
26.91,210.0,59.91
26.97,211.1,60.28
26.99,211.3,60.42
27.0,210.9,60.4
27.01,210.5,60.38
27.04,210.1,60.34
27.1,209.6,60.28
27.17,209.0,60.21
27.35,207.6,60.0
27.57,206.1,59.65
27.84,204.7,59.02
28.03,204.7,58.68
28.14,205.9,58.58
28.26,207.1,58.48
28.37,208.3,58.38
28.64,208.8,58.09
28.93,209.2,57.77
29.2,208.0,57.79
29.43,207.6,57.83
29.54,209.5,57.97
29.65,211.5,58.1
29.85,212.2,58.45
30.03,212.7,58.73
30.17,212.9,58.89
30.3,213.0,59.06
30.4,213.4,59.18
30.48,214.1,59.26
30.46,214.8,59.01
30.44,213.2,59.04
30.41,211.2,59.13
30.33,211.6,59.3
30.23,213.4,59.52
30.11,213.7,59.45
29.97,213.1,59.2
29.84,212.5,58.94
29.57,211.0,58.58
29.27,209.4,58.2
29.09,209.0,57.93
28.9,208.7,57.66
28.81,211.3,57.84
28.74,214.8,58.13
28.62,216.0,58.04
28.47,216.2,57.76
28.33,215.3,57.26
28.19,213.5,56.59
28.06,211.7,55.92
27.91,210.7,55.54
27.73,211.3,55.78
27.54,212.0,55.99
27.31,213.2,55.94
27.14,213.8,55.91
27.05,213.5,55.92
26.96,213.2,55.94
26.87,212.9,55.96
26.71,212.2,55.84
26.44,210.7,55.5
26.28,209.3,55.35
26.14,207.8,55.23
25.98,206.8,55.21
25.77,207.6,55.57
25.56,208.3,55.93
25.39,209.8,55.51
25.23,211.4,54.91
25.03,213.2,54.54
24.75,215.7,54.66
24.68,216.1,54.8
24.63,216.2,54.95
24.58,216.4,55.1
24.54,216.0,55.19
24.51,214.7,55.16
24.51,213.8,55.12
24.58,214.4,55.05
24.66,215.0,54.99
24.76,215.0,54.94
24.89,214.5,54.9
25.01,214.1,54.86
25.13,213.8,54.88
25.24,213.8,55.02
25.35,213.8,55.16
25.46,213.7,55.29
25.67,214.9,55.45
25.99,217.3,55.64
26.32,218.0,55.69
26.66,217.0,55.59
26.94,216.3,55.62
27.1,216.3,55.86
27.26,216.3,56.0
27.41,216.8,55.89
27.57,217.3,55.77
27.73,215.2,56.23
27.83,213.2,56.64
27.85,213.1,56.58
28.04,214.9,56.69
28.35,217.3,56.76
28.84,218.2,56.35
29.16,218.9,56.08
29.3,219.4,55.97
29.44,219.9,55.86
29.58,220.4,55.76
29.7,220.1,55.66
29.83,219.9,55.56
30.01,218.3,55.4
30.26,214.9,55.18
30.31,215.3,55.84
30.31,216.6,56.71
30.29,217.7,57.13
30.26,218.7,57.36
30.21,219.2,57.56
30.12,216.4,57.49
29.96,212.8,57.39
29.77,208.7,57.26
29.54,208.1,57.5
29.29,208.3,57.83
29.04,208.4,58.16
28.71,209.1,58.4
28.28,210.4,58.55
27.83,211.5,58.71
27.37,211.5,58.92
27.09,211.5,59.01
26.9,211.5,59.04
26.71,211.6,59.06
26.66,211.5,58.86
26.76,211.6,58.71
26.93,211.7,58.74
27.1,211.9,58.77
27.23,211.8,58.75
27.36,211.7,58.73
27.5,211.6,58.71
27.6,211.7,58.78
27.68,211.7,58.89
27.76,211.8,59.0
27.85,211.9,59.11
27.96,211.9,59.21
28.25,211.7,59.27
28.54,211.2,59.28
28.77,207.7,58.7
29.02,205.5,58.37
29.3,205.3,58.37
29.61,208.4,59.44
29.79,210.5,60.1
29.85,211.7,60.36
29.91,212.8,60.61
29.95,213.0,60.59
30.01,212.7,60.52
30.2,213.0,60.75
30.58,212.6,60.8
31.02,212.1,60.76
31.33,213.4,60.74
31.63,214.6,60.72
31.99,215.6,60.62
32.6,215.3,60.17
33.0,215.0,59.97
33.3,214.6,59.88
33.59,214.3,59.76
33.7,214.7,58.93
33.77,215.1,58.18
33.62,214.9,57.98
33.44,212.9,58.0
33.24,209.7,58.16
33.0,208.5,59.32
32.8,208.0,60.07
32.62,207.8,60.57
32.44,207.6,61.08
32.24,207.9,61.48
31.96,209.4,61.62
31.61,212.9,61.7
31.23,217.5,61.76
31.05,217.2,61.22
30.87,216.5,60.64
30.7,215.8,60.06
30.52,215.0,59.49
30.25,213.3,59.34
29.97,211.6,59.19
29.65,213.1,59.75
29.32,215.2,60.41
28.93,217.6,60.73
28.71,217.7,60.58
28.57,216.8,60.22
28.43,216.0,59.86
28.37,215.2,59.75
28.35,214.4,59.77
28.33,213.6,59.8
28.31,212.7,59.82
28.28,212.3,59.78
28.22,212.3,59.68
28.18,212.3,59.6
28.16,212.0,59.61
28.13,211.8,59.63
28.09,211.8,59.7
27.98,212.5,59.94
27.88,213.1,60.18
27.78,213.8,60.41
27.69,214.1,60.47
27.61,213.9,60.35
27.51,213.8,60.28
27.14,217.1,61.67
26.85,217.2,61.06
26.65,217.0,60.52
26.7,216.3,60.44
26.75,215.5,60.37
26.79,214.8,60.3
26.96,214.3,60.26
27.21,214.1,60.24
27.44,213.8,60.21
27.55,213.4,60.09
27.65,212.9,59.96
27.76,212.4,59.83
27.87,212.0,59.7
28.09,211.0,59.7
28.45,209.5,59.85
28.88,208.0,59.95
29.35,206.6,60.02
29.84,209.1,60.88
30.19,211.0,61.4
30.35,211.5,61.32
30.51,212.0,61.24
30.71,211.1,60.67
30.73,208.3,60.18
30.6,205.2,60.03
30.51,204.6,60.33
30.43,204.5,60.74
30.41,204.7,61.24
30.4,204.8,61.76
30.56,204.6,62.2
30.78,204.3,62.6
31.14,205.4,62.84
31.56,206.8,62.87
32.02,206.1,61.79
32.33,207.1,61.31
32.56,209.0,61.17
32.78,210.7,60.99
32.77,209.8,60.37
32.76,209.0,59.75
32.6,207.9,59.2
32.35,206.5,58.74
32.12,202.5,58.93
31.99,203.6,59.64
31.92,206.8,60.37
31.84,206.1,60.12
31.78,205.4,59.98
31.73,204.8,60.18
31.67,204.4,60.22
31.6,204.1,60.14
31.52,204.0,60.08
31.38,204.7,60.14
31.23,205.4,60.2
31.09,206.1,60.26
30.91,206.8,60.25
30.65,207.5,60.06
30.32,207.5,59.82
29.83,205.7,59.44
29.42,204.1,59.21
29.02,202.7,59.04
28.7,204.3,59.89
28.38,205.9,60.74
28.15,206.1,60.81
27.95,206.3,60.79
27.74,206.4,60.77
27.58,205.6,60.52
27.43,204.6,60.22
27.28,203.6,59.92
27.17,203.1,59.95
27.08,203.0,60.18
26.99,202.8,60.42
26.9,203.1,60.66
26.82,205.0,60.91
26.75,206.9,61.2
26.74,209.6,61.74
26.74,212.3,62.29
26.75,214.2,62.71
26.77,215.3,63.02
26.79,216.1,63.16
26.77,215.5,62.59
26.74,214.9,62.01
26.76,214.1,61.42
26.88,212.8,60.82
27.06,211.1,60.05
27.31,210.4,59.32
27.58,211.5,58.85
27.86,212.3,58.42
28.32,211.0,58.25
28.77,209.7,58.08
29.18,209.4,58.14
29.56,209.4,58.28
29.97,209.7,58.19
30.43,210.4,57.78
30.94,210.1,57.22
31.29,209.6,56.88
31.45,209.1,56.83
31.61,208.6,56.78
31.76,208.1,56.73
31.86,206.6,56.93
31.94,205.8,57.28
31.96,208.2,58.22
31.88,205.3,58.05
31.78,203.8,58.06
31.68,203.8,58.24
31.57,203.8,58.43
31.45,204.5,58.66
31.29,206.7,58.98
31.13,208.7,59.24
30.78,208.1,58.93
30.48,206.1,58.59
30.24,203.1,58.23
30.05,202.3,58.25
29.89,202.8,58.47
29.76,202.8,58.28
29.67,202.0,57.49
29.57,201.3,56.78
29.44,200.9,56.64
29.3,200.5,56.5
29.17,200.1,56.36
29.04,199.7,56.21
28.83,199.8,56.02
28.36,201.6,55.64
28.2,200.5,55.2
28.1,199.0,54.76
28.03,199.1,54.86
27.97,199.8,55.18
27.9,200.7,55.49
27.69,203.5,55.68
27.48,206.2,55.88
27.37,206.3,55.67
27.34,206.4,55.67
27.45,206.9,56.16
27.46,207.5,56.2
27.43,208.2,56.06
27.4,208.7,55.9
27.37,207.0,55.09
27.35,205.2,54.29
27.45,203.6,54.73
27.54,202.2,55.19
27.53,201.9,55.12
27.52,201.6,55.06
27.51,201.3,54.99
27.53,201.4,55.13
27.56,201.7,55.41
27.57,201.5,55.48
27.54,201.0,55.4
27.46,200.1,55.2
27.37,199.2,55.05
27.38,199.0,55.26
27.39,198.8,55.48
27.41,198.4,55.74
27.59,196.6,56.33
27.76,194.7,56.92
27.79,195.5,57.16
27.81,196.4,57.38
27.83,197.2,57.61
27.84,198.0,57.84
27.86,198.9,58.07
27.95,199.3,58.19
28.09,199.1,58.19
28.26,196.5,57.77
28.41,194.9,57.57
28.54,194.3,57.58
28.68,193.7,57.59
28.83,193.1,57.6
29.15,191.8,57.6
29.36,191.6,57.92
29.53,191.7,58.41
29.77,192.0,59.45
30.0,192.3,60.48
30.37,190.8,60.36
30.75,189.1,60.02
31.15,187.1,59.44
31.46,184.8,59.25
31.75,182.4,59.19
32.08,180.4,59.23
32.76,181.0,60.03
33.23,181.7,60.23
33.68,182.5,60.35
34.12,181.6,60.1
34.55,180.3,59.77
35.05,178.6,59.4
35.52,180.9,59.48
35.98,185.1,59.8
36.29,184.3,59.92
36.6,183.5,60.05
36.91,182.7,60.17
37.31,181.9,59.9
37.68,181.6,59.41
38.02,181.9,58.69
38.4,180.4,57.93
38.68,177.9,56.88
38.85,175.9,55.79
39.11,177.2,55.56
39.16,177.8,55.46
39.19,178.3,55.38
39.21,178.8,55.29
39.0,180.4,55.61
38.67,182.1,55.82
38.27,181.9,54.92
37.72,180.9,54.99
37.07,179.5,55.19
36.3,178.0,54.27
35.64,177.5,53.99
35.03,177.4,53.97
34.24,177.2,53.98
33.32,176.8,53.92
32.74,175.9,53.52
32.16,175.0,53.12
31.7,174.2,52.83
31.32,173.5,52.6
30.94,172.8,52.37
30.55,172.0,52.14
30.11,170.9,51.97
29.49,168.8,52.0
28.86,166.6,52.03
28.58,166.8,52.11
28.3,167.0,52.19
28.02,167.2,52.27
27.74,167.4,52.35
27.46,168.7,52.54
27.17,170.5,52.78
26.89,172.2,53.01
26.61,173.8,53.24
26.4,174.3,53.27
26.2,174.7,53.3
25.99,175.2,53.33
25.79,175.7,53.37
25.53,176.5,53.31
25.28,177.0,53.16
25.09,176.0,52.5
24.9,175.1,51.84
24.84,173.6,51.04
24.82,171.9,50.2
24.8,170.2,49.36
24.82,169.2,48.83
24.97,170.6,49.43
25.17,172.3,49.94
25.51,174.7,50.26
25.84,177.2,50.58
26.62,177.6,50.33
27.44,176.8,49.85
28.11,175.5,49.36
28.9,174.8,49.49
29.79,174.7,50.16
30.33,176.7,50.44
30.85,179.0,50.75
31.44,182.7,51.52
32.1,180.8,51.55
32.72,176.5,51.18
33.22,174.5,50.97
33.52,176.7,52.12
33.82,179.0,53.28
33.99,180.0,53.66
34.16,180.9,54.04
34.33,181.9,54.42
34.65,183.0,54.5
34.95,184.3,54.51
35.14,186.1,54.42
35.32,187.6,54.29
35.29,185.0,53.7
35.21,182.8,53.55
35.11,180.9,53.52
34.89,181.7,53.34
34.66,181.9,53.29
34.43,181.7,53.33
34.2,181.6,53.38
33.85,180.5,52.84
33.36,178.2,51.57
32.83,178.0,51.61
32.34,178.3,52.03
31.92,179.1,52.66
31.71,180.9,52.92
31.51,182.7,53.17
31.3,183.8,53.32
31.08,184.2,53.35
30.87,184.6,53.38
30.62,184.8,53.31
30.29,184.6,53.03
29.89,184.7,52.82
29.35,185.2,52.78
28.88,186.3,52.66
28.5,187.5,52.52
28.39,187.1,52.62
28.28,186.6,52.73
28.17,186.2,52.85
28.1,186.2,52.99
28.03,186.2,53.13
27.96,186.2,53.28
27.89,186.2,53.42
27.81,186.4,53.56
27.71,186.7,53.69
27.61,187.1,53.83
27.51,187.5,53.96
27.44,189.5,54.25
27.38,192.4,54.61
27.34,193.1,54.72
27.31,193.3,54.79
27.35,193.0,54.7
27.42,192.5,54.57
27.49,192.0,54.44
27.68,189.8,54.11
27.88,187.5,53.77
27.95,187.1,53.78
28.01,187.0,53.83
28.15,187.9,54.0
28.37,189.4,53.8
28.69,191.3,52.87
28.86,190.4,52.65
29.04,189.5,52.43
29.21,188.7,52.21
29.44,185.8,51.97
29.73,184.1,51.99
30.11,184.0,52.37
30.68,184.3,52.69
31.35,184.7,52.89
31.51,183.4,52.44
31.67,182.1,51.98
31.83,180.8,51.52
32.0,177.6,50.9
32.17,174.3,50.26
32.44,171.6,51.16
32.53,169.5,51.32
32.57,167.4,51.3
32.54,167.1,51.36
32.5,167.0,51.43
32.45,167.0,51.49
32.45,167.8,52.11
32.42,167.7,52.83
32.38,167.3,53.5
32.36,167.0,53.45
32.34,166.7,53.41
32.63,166.3,53.46
32.94,166.2,53.65
33.18,166.7,54.13
33.33,166.7,54.18
33.4,166.2,53.81
33.47,165.6,53.43
33.54,165.0,53.06
33.63,163.1,52.79
33.71,160.8,52.54
33.99,160.3,52.67
34.22,160.7,53.06
34.31,162.4,53.78
34.32,161.9,53.49
34.32,160.7,52.94
34.41,157.9,53.01
34.52,155.5,52.6
34.63,153.3,52.09
34.79,153.4,51.98
34.95,154.1,52.01
35.06,154.1,52.05
35.17,154.0,52.09
35.4,151.6,51.78
35.69,148.9,51.52
35.96,150.9,52.27
36.19,153.5,52.48
36.39,156.2,52.6
36.48,158.2,53.06
36.56,160.2,53.53
36.58,159.2,53.13
36.58,159.0,53.01
36.57,158.9,53.15
36.53,157.1,53.34
36.51,156.7,53.69
36.52,158.9,54.35
36.53,161.1,54.66
36.54,163.3,54.93
36.55,165.4,55.2
36.56,165.6,55.13
36.56,165.7,55.07
36.57,165.9,55.0
36.49,165.3,54.75
36.38,166.0,55.07
36.25,168.4,56.18
36.02,169.5,56.68
35.77,170.5,57.1
35.35,169.3,56.63
35.11,168.4,56.37
35.0,167.6,56.26
34.89,166.8,56.15
34.78,166.0,56.04
34.58,167.0,56.55
34.35,167.9,56.84
34.08,168.4,56.67
33.91,168.4,56.6
33.76,168.2,56.55
33.62,168.1,56.51
33.48,166.8,56.23
33.34,165.3,55.88
33.16,163.8,55.45
32.93,162.4,54.92
32.78,160.1,53.92
32.71,158.0,53.07
32.71,157.4,52.97
32.72,157.0,52.9
32.75,157.1,52.88
32.77,157.3,52.86
32.82,157.3,52.82
32.86,157.2,52.77
32.9,157.6,52.74
32.94,162.5,52.84
32.98,167.2,53.72
33.02,171.8,54.92
33.23,172.8,55.12
33.5,173.4,55.35
33.76,174.5,55.77
34.07,173.6,55.48
34.39,172.3,55.03
34.75,170.6,54.46
35.1,169.2,54.1
35.45,168.2,54.03
35.69,167.2,53.74
35.94,166.2,53.45
36.26,162.7,53.38
36.37,159.9,53.0
36.4,157.5,52.5
36.43,159.8,53.71
36.42,162.3,54.75
36.32,164.0,54.82
36.17,163.6,54.56
36.1,162.9,54.48
36.11,162.1,54.63
36.11,160.2,54.53
36.11,158.0,54.35
36.13,157.0,54.35
36.18,157.0,54.5
36.22,157.0,54.64
36.31,157.4,54.84
36.43,158.2,55.08
36.56,158.6,55.1
36.71,159.1,55.01
36.9,161.7,55.15
37.0,163.6,55.13
36.97,164.8,54.9
36.78,166.9,54.95
36.55,169.1,55.05
36.4,170.6,54.98
36.27,171.4,54.85
36.19,170.7,54.56
36.11,169.9,54.27
36.2,173.6,54.39
36.37,175.5,54.92
36.49,176.1,55.13
36.61,176.8,55.34
36.71,177.4,55.56
36.79,178.1,55.81
36.87,178.7,56.05
36.85,181.3,57.19
36.71,184.4,58.38
36.24,186.9,58.88
35.74,187.5,58.92
35.25,187.4,58.82
34.49,182.0,58.18
33.8,176.0,57.25
33.25,171.1,56.17
32.68,168.7,55.69
32.13,168.1,55.63
31.84,167.7,55.58
31.54,167.3,55.54
31.29,167.1,55.64
31.16,168.1,56.29
31.04,169.0,56.94
30.94,170.6,57.61
30.99,175.2,58.39
31.03,176.6,58.53
31.06,177.1,58.49
31.1,177.6,58.44
31.12,177.5,58.21
31.14,177.2,57.9
31.18,176.3,57.33
31.22,175.4,56.82
31.25,175.7,57.12
31.28,176.1,57.43
31.26,176.7,56.86
31.31,176.4,56.24
31.55,174.0,55.84
32.05,173.2,55.78
32.54,172.4,55.59
33.0,171.5,55.21
33.46,170.5,54.82
34.14,169.6,54.84
34.79,168.8,54.72
35.35,167.9,54.31
35.75,168.3,54.87
36.06,168.7,55.4
36.28,168.2,54.95
36.38,167.8,54.65
36.42,166.9,54.89
36.4,165.9,55.36
36.33,165.4,55.68
36.27,164.9,55.99
36.25,163.9,56.09
36.26,162.0,55.91
36.28,161.3,55.88
36.3,160.9,55.9
36.35,160.3,56.2
36.4,159.6,56.53
36.64,157.5,56.02
36.82,156.9,55.9
36.92,158.1,56.31
37.02,159.2,56.71
37.03,161.5,57.06
36.94,164.2,57.2
36.61,161.7,55.9
36.31,158.7,54.94
36.06,155.1,54.36
35.76,156.9,56.22
35.68,157.4,56.67
35.65,157.5,56.8
36.15,159.8,57.6
36.38,160.6,57.63
36.61,161.3,57.66
36.69,161.0,57.48
36.78,160.6,57.29
36.86,160.3,57.1
37.02,157.9,56.04
37.15,154.9,55.35
37.21,152.3,55.53
37.14,153.3,55.77
37.08,154.2,56.02
37.13,153.1,55.79
37.18,153.6,56.33
37.21,155.4,57.47
37.18,156.7,58.25
37.15,157.6,58.91
37.15,154.1,58.29
37.16,152.6,58.21
37.17,152.4,58.51
37.18,152.3,58.81
37.32,152.0,58.84
37.52,151.8,58.82
37.7,152.2,59.09
38.01,151.5,58.65
38.31,153.0,59.58
38.58,154.4,60.09
38.82,155.1,59.28
39.0,155.1,59.05
39.17,155.0,58.92
39.48,153.8,58.92
39.91,151.8,58.45
40.4,150.0,57.79
40.86,149.2,57.5
41.1,148.4,57.33
41.35,147.7,57.16
41.62,148.0,57.33
41.89,147.9,57.2
42.12,146.5,56.59
42.16,146.9,56.74
42.19,147.2,56.9
42.19,147.6,56.97
42.04,148.8,56.49
41.68,144.9,55.85
41.23,143.7,55.75
40.75,143.5,55.77
40.24,143.7,55.77
39.97,141.6,54.21
39.68,140.6,53.79
39.43,140.1,53.8
39.3,139.3,53.62
39.17,138.6,53.44
39.01,141.1,55.32
38.84,144.4,57.7
38.69,148.6,59.97
38.54,152.8,62.24
38.28,154.9,63.14
37.9,155.0,62.76
37.55,153.2,62.12
37.28,151.4,61.84
37.04,149.7,61.68
36.83,151.4,62.48
36.67,152.0,62.5
36.57,151.3,61.77
36.64,148.2,60.33
36.75,146.6,59.57
36.94,147.8,60.2
37.13,149.0,60.82
37.48,150.3,61.16
38.27,151.9,60.77
39.13,153.1,60.73
39.99,154.6,60.68
40.84,156.4,60.54
41.56,160.0,61.87
42.11,163.1,62.0
42.47,164.7,61.54
42.65,164.1,61.5
42.9,164.5,61.63
43.04,164.4,61.62
43.18,164.3,61.61
43.32,165.0,61.74
43.48,168.4,62.34
43.35,170.9,62.48
43.13,171.5,62.4
42.88,170.8,62.25
42.58,170.0,62.16
42.07,171.1,62.74
41.51,172.8,63.53
40.64,174.6,63.77
39.65,174.7,63.71
38.72,173.5,63.51
38.15,173.0,63.42
37.58,172.6,63.32
36.91,172.5,63.43
36.22,172.5,63.59
35.63,173.1,63.97
35.15,174.0,64.53
34.66,174.9,65.1
33.75,176.9,66.3
33.14,178.1,66.96
32.87,178.3,67.01
32.61,178.6,67.06
32.38,178.9,67.12
32.24,179.4,67.18
32.09,177.7,66.0
31.92,174.7,64.1
31.76,171.5,62.06
31.6,168.2,59.91
31.47,166.3,58.61
31.41,167.3,58.91
31.35,168.3,59.22
31.41,169.4,59.14
31.51,170.6,58.92
31.8,171.4,58.77
32.3,171.3,58.47
33.08,170.7,58.0
34.21,170.2,58.0
34.95,170.1,57.93
35.56,170.0,57.83
36.14,169.8,57.64
36.66,169.1,57.22
37.18,168.5,56.81
37.83,168.6,57.14
38.54,169.9,57.61
39.18,170.8,57.86
39.52,169.4,57.68
39.64,168.7,57.52
39.75,168.0,57.37
39.83,165.3,57.07
39.77,163.4,56.78
39.63,163.6,56.63
39.44,163.9,56.46
39.36,163.7,56.43
39.32,163.2,56.48
39.31,162.9,56.8
39.31,162.9,57.37
39.29,163.3,57.51
39.27,164.0,57.52
39.22,164.8,57.59
38.96,168.7,58.34
38.59,170.6,58.51
38.09,170.5,58.06
37.45,170.2,56.93
36.77,169.6,55.7
35.92,166.9,54.67
35.06,165.6,54.45
34.18,166.2,55.36
33.72,170.5,56.0
33.31,174.4,56.55
33.09,177.0,56.75
32.87,179.7,56.96
32.62,180.8,56.6
32.36,181.0,55.89
32.12,183.2,55.16
31.93,186.1,54.72
31.79,188.7,54.87
31.63,191.1,55.01
31.34,191.9,55.09
31.06,192.7,55.16
30.72,193.5,54.93
30.38,194.3,54.68
29.96,195.3,54.57
29.34,196.8,54.81
28.69,198.5,54.75
28.05,199.9,54.59
27.69,198.9,54.46
27.32,197.9,54.34
26.96,197.0,54.28
26.65,197.0,54.5
26.36,197.0,54.7
26.23,197.1,54.73
26.1,197.2,54.75
25.97,197.3,54.77
25.84,197.4,54.79
25.71,197.5,54.82
25.57,197.7,54.81
25.41,198.0,54.7
25.24,198.3,54.59
25.07,198.6,54.49
24.89,198.9,54.41
24.7,199.4,54.37
24.5,199.1,54.1
24.34,198.7,53.76
24.2,198.0,53.32
24.07,197.3,52.89
23.94,196.7,52.47
23.72,198.5,52.59
23.51,200.3,52.7
23.49,201.0,52.6
23.47,201.6,52.49
23.45,202.1,52.31
23.42,202.0,51.65
23.4,201.9,50.99
23.39,201.7,50.39
23.51,200.8,50.12
23.62,200.0,49.85
23.8,199.1,49.94
23.98,198.2,50.06
24.24,197.3,49.99
24.5,196.4,49.91
24.77,195.6,49.82
25.11,195.1,49.7
25.45,194.6,49.57
25.62,194.2,49.45
25.78,193.8,49.34
25.94,193.5,49.22
26.11,191.5,49.0
26.19,189.3,48.62
26.15,187.6,48.25
26.0,188.5,48.76
25.86,188.9,49.17
25.78,188.1,49.33
25.7,187.3,49.48
25.63,186.5,49.66
25.59,186.8,50.19
25.61,185.8,50.07
25.75,182.5,48.79
25.9,179.2,47.61
26.15,175.6,46.86
26.41,171.9,46.1
26.66,168.5,45.37
26.91,165.3,44.67
27.17,162.1,43.97
27.41,159.2,43.32
27.55,157.8,42.97
27.69,156.4,42.62
27.83,155.0,42.27
27.97,153.5,41.93
28.16,150.9,41.35
28.36,147.7,40.7
28.5,145.4,40.25
28.6,143.8,39.99
28.78,144.3,39.97
28.95,144.8,39.9
29.02,143.9,39.52
29.19,144.3,39.11
29.49,146.5,38.66
32.42,147.6,38.43
34.26,148.1,38.31
34.08,147.8,38.34
34.0,147.3,38.31
34.18,146.8,38.12
34.35,146.3,37.94
34.9,146.6,38.77
35.29,147.2,39.39
35.56,147.8,39.85
35.68,147.0,39.83
35.76,146.0,39.74
35.76,146.0,39.76
35.75,146.0,39.78
35.75,146.1,39.8
35.75,146.1,39.82
35.75,146.1,39.84
35.74,146.1,39.86
35.74,146.2,39.89
35.74,146.2,39.91
35.73,146.2,39.93
35.73,146.2,39.95
35.73,146.2,39.97
35.73,146.3,39.99
35.72,146.3,40.01
35.72,146.3,40.03
35.72,146.3,40.05
35.72,146.4,40.08
35.71,146.4,40.1
35.71,146.4,40.12
35.71,146.4,40.14
35.7,146.4,40.16
35.7,146.5,40.18
35.7,146.5,40.2
35.7,146.5,40.22
35.69,146.5,40.25
35.69,146.5,40.27
35.69,146.6,40.29
35.68,146.6,40.31
35.68,146.6,40.33
35.68,146.6,40.35
35.68,146.7,40.37
35.67,146.7,40.39
35.67,146.7,40.42
35.67,146.7,40.44
35.67,146.7,40.46
35.66,146.8,40.48
35.66,146.8,40.5
35.66,146.8,40.52
35.65,146.8,40.54
35.65,146.8,40.56
35.65,146.9,40.58
35.65,146.9,40.61
35.64,146.9,40.63
35.64,146.9,40.65
35.64,147.0,40.67
35.64,147.0,40.69
35.63,147.0,40.71
35.63,147.0,40.73
35.63,147.0,40.75
35.62,147.1,40.78
35.62,147.1,40.8
35.62,147.1,40.82
35.62,147.1,40.84
35.61,147.2,40.86
35.61,147.2,40.88
35.61,147.2,40.9
35.6,147.2,40.92
35.6,147.2,40.95
35.6,147.3,40.97
35.6,147.3,40.99
35.59,147.3,41.01
35.59,147.3,41.03
35.59,147.3,41.05
35.59,147.4,41.07
35.58,147.4,41.09
35.58,147.4,41.11
35.58,147.4,41.14
35.57,147.5,41.16
35.57,147.5,41.18
35.57,147.5,41.2
35.57,147.5,41.22
35.56,147.5,41.24
35.56,147.6,41.26
35.4,147.6,41.4
35.2,147.6,41.55
35.0,147.5,41.71
34.8,147.5,41.86
34.56,146.8,41.89
34.22,144.6,41.65
33.89,142.4,41.41
33.55,140.2,41.17
33.22,139.3,41.25
32.9,138.6,41.4
32.57,137.9,41.54
32.16,138.1,42.42
31.8,140.4,44.22
31.89,143.0,45.06
32.03,144.4,45.77
32.17,145.9,46.48
32.34,147.3,47.01
32.56,148.5,47.33
32.77,149.8,47.65
32.98,151.1,47.97
33.13,151.1,47.94
33.25,150.7,47.82
33.38,150.4,47.7
33.5,150.0,47.58
33.56,149.6,47.46
30.78,147.8,47.26
30.74,146.1,47.07
31.62,145.3,47.21
32.13,145.7,47.81
32.76,151.0,48.41
33.1,150.6,48.23
33.43,150.3,48.05
34.12,150.6,48.32
34.79,154.8,49.82
35.42,159.7,51.26
36.02,164.2,52.35
36.68,165.3,52.64
37.36,165.7,52.76
38.33,166.1,53.05
39.15,166.4,53.5
39.77,166.4,54.13
39.93,166.7,54.98
40.05,166.9,55.84
39.9,168.6,56.12
39.67,169.4,56.45
39.41,169.9,56.82
38.98,169.1,57.3
38.18,165.5,57.94
37.35,161.3,58.23
37.11,163.7,58.92
36.92,166.7,59.47
36.76,170.1,59.9
36.77,169.6,59.26
36.8,168.7,58.55
36.82,167.8,57.83
37.11,165.7,57.36
37.38,166.1,57.55
37.64,168.9,58.35
37.82,169.3,57.76
37.94,169.5,57.26
37.89,169.0,57.06
37.84,168.6,56.87
37.66,168.4,56.97
37.35,168.7,57.4
36.54,172.2,58.83
36.08,172.7,57.97
35.68,173.3,57.76
35.43,173.4,57.43
35.34,172.8,56.81
35.25,172.1,56.18
35.14,171.6,55.65
35.0,171.4,55.28
34.88,172.3,55.34
34.76,173.7,55.58
34.77,174.4,55.39
34.89,174.3,54.79
34.97,175.1,54.89
35.04,175.9,55.01
35.05,175.6,54.86
35.06,175.3,54.71
34.98,174.1,54.5
34.82,172.0,54.25
34.5,172.4,54.27
34.11,174.1,54.42
33.67,177.0,54.59
33.23,179.3,54.75
32.81,180.5,54.87
32.39,181.7,54.99
31.97,178.0,54.43
31.68,177.4,54.63
31.53,179.1,55.45
31.45,181.6,56.54
31.44,182.1,56.65
31.45,182.2,56.49
31.46,182.3,56.34
31.46,180.8,55.59
31.45,179.3,54.82
31.42,176.5,54.27
31.37,172.6,53.91
31.27,171.4,53.97
31.18,170.6,54.09
31.08,169.7,54.2
30.94,168.3,54.08
30.79,166.9,53.97
30.57,167.7,54.17
30.34,168.5,54.36
30.11,170.5,54.2
30.05,170.2,53.9
30.1,167.8,53.47
30.25,167.2,53.67
30.46,168.4,54.45
30.7,169.4,54.92
30.96,170.3,55.17
31.22,170.7,55.29
31.51,169.7,54.96
31.8,168.6,54.64
32.1,167.6,54.36
32.78,167.6,55.11
33.49,168.0,55.85
34.49,171.3,56.56
35.45,173.4,56.56
36.33,173.6,56.03
37.0,171.8,55.39
37.24,170.4,55.61
37.49,168.7,55.59
37.72,166.9,55.28
37.78,166.4,55.06
38.05,163.0,54.47
38.58,160.1,54.03
39.14,158.7,53.99
39.55,158.7,54.39
39.82,158.6,54.62
39.87,158.1,54.59
39.93,157.7,54.56
39.9,157.4,54.59
39.67,157.8,54.79
39.39,158.7,54.8
39.06,158.5,54.73
38.68,157.2,54.58
38.11,155.3,54.87
37.36,153.2,55.57
36.69,152.3,56.07
36.42,152.5,56.09
36.16,152.8,56.12
35.88,153.2,56.25
35.58,153.7,56.46
35.35,153.7,56.45
35.26,152.7,55.99
35.42,154.1,56.67
35.61,155.9,57.26
35.77,157.7,57.34
35.94,159.2,57.35
36.09,159.5,57.15
36.25,159.9,56.96
36.41,159.1,56.26
36.49,158.1,55.56
36.36,157.7,55.39
36.16,156.9,54.92
36.37,156.3,54.91
36.73,156.3,55.14
37.11,157.0,55.48
37.36,157.4,55.62
37.53,157.7,55.64
37.7,158.0,55.66
38.13,158.6,55.73
38.56,159.2,55.89
38.88,159.8,56.06
38.91,159.9,55.87
38.93,160.0,55.68
38.93,160.4,55.55
38.86,161.6,55.62
38.55,159.5,55.35
38.06,157.9,55.27
37.5,157.3,55.33
37.07,157.2,55.2
36.84,157.1,55.34
36.68,157.0,55.57
36.52,156.9,55.8
36.31,155.4,55.48
36.09,153.7,55.07
35.96,154.0,55.33
35.87,154.8,55.73
36.02,156.3,56.03
36.04,156.9,55.98
36.07,157.4,55.92
36.01,157.6,55.8
35.92,157.7,55.66
35.81,157.4,55.43
35.6,154.8,54.62
35.49,152.7,54.55
35.43,151.4,54.81
35.46,152.5,55.38
35.5,153.2,55.69
35.63,152.7,54.97
35.9,151.9,54.09
36.16,151.4,53.43
36.24,152.0,53.55
36.33,152.7,53.66
36.54,153.8,53.77
36.92,154.9,53.68
37.21,154.0,53.13
37.39,151.9,52.42
37.52,150.4,52.09
37.57,149.8,52.31
37.62,149.1,52.52
37.67,148.5,52.74
37.9,149.1,53.14
38.22,150.2,53.62
38.42,154.4,54.3
38.54,157.1,54.68
38.57,158.3,54.77
38.55,158.1,54.81
38.49,156.9,54.81
38.3,154.5,54.53
38.03,152.8,54.29
37.6,152.7,54.14
37.16,154.4,53.37
36.94,153.2,52.74
36.8,152.0,52.46
36.7,153.1,53.1
36.62,153.6,53.3
36.56,153.2,52.92
36.5,152.9,52.54
36.47,151.5,52.22
36.45,150.0,51.91
36.4,150.3,52.12
36.35,150.6,52.33
36.32,150.9,52.13
36.25,150.5,51.96
36.13,150.8,51.94
35.97,154.0,52.07
35.78,155.3,52.62
35.6,156.5,53.12
35.49,155.9,52.85
35.37,155.3,52.58
35.26,154.7,52.32
34.91,153.9,52.26
34.6,153.6,52.54
34.34,153.9,53.12
34.49,153.8,53.23
34.68,153.7,53.24
34.85,153.7,53.15
35.0,153.5,53.06
35.08,153.2,52.96
35.16,152.9,52.86
35.23,152.4,52.71
35.09,150.7,52.13
34.99,148.7,51.6
34.88,147.3,51.46
34.74,147.3,52.03
34.62,147.5,52.54
34.64,148.9,52.75
34.65,150.4,52.95
34.77,149.3,52.69
34.93,148.8,52.61
35.11,149.2,52.76
35.45,149.5,52.83
35.77,149.5,52.71
36.03,149.3,52.54
36.31,148.9,52.35
36.75,147.8,52.01
37.17,146.3,51.82
37.59,144.2,51.89
38.22,145.7,51.92
39.09,146.6,51.65
39.87,145.3,51.13
40.08,144.4,50.87
40.23,143.2,50.6
40.35,141.4,50.44
40.53,138.5,50.88
40.69,139.5,51.25
40.78,140.6,50.77
40.95,141.4,50.29
41.16,141.7,50.15
41.16,141.9,50.44
41.16,142.0,50.72
41.12,142.5,50.91
40.98,144.0,50.83
40.78,145.9,51.02
40.55,148.0,51.25
40.35,149.4,50.64
40.18,145.6,49.8
40.0,143.2,49.31
39.79,142.6,49.25
39.62,142.4,49.25
39.47,142.4,49.27
39.21,142.6,49.23
38.95,142.7,49.19
38.68,142.9,49.14
38.06,144.2,49.29
37.32,146.7,49.66
36.64,150.7,50.33
35.94,152.7,50.87
35.33,153.4,50.84
34.83,153.8,50.76
34.5,154.7,50.97
34.2,155.9,51.27
33.94,157.4,51.68
33.69,159.0,52.1
33.48,160.1,51.94
33.28,161.0,51.61
33.11,161.4,51.28
33.02,159.3,50.96
32.94,157.1,50.64
33.0,156.1,50.57
33.08,156.4,51.05
33.13,158.4,52.25
33.18,160.3,53.45
33.13,162.2,54.21
33.04,164.1,54.82
32.9,166.4,55.08
32.69,169.1,54.98
32.5,169.4,54.97
32.32,169.1,54.85
32.14,168.7,54.64
32.12,167.4,54.4
32.18,165.6,54.14
32.43,166.3,54.47
32.67,166.8,54.71
32.9,167.2,54.81
33.12,167.6,54.91
33.65,167.6,54.79
34.25,168.3,55.06
34.84,170.8,56.23
35.39,174.6,57.01
35.88,176.9,57.38
36.26,175.1,57.08
36.53,173.4,56.8
36.63,171.9,56.57
36.73,170.4,56.33
36.64,168.5,56.0
36.44,166.6,55.83
36.17,165.3,56.2
36.12,160.9,55.33
36.21,161.1,56.08
36.3,162.3,56.91
36.37,164.3,57.24
36.44,166.3,57.56
36.51,168.2,57.9
36.6,170.0,58.32
36.64,172.0,58.87
36.67,174.0,59.48
36.67,175.6,60.15
36.67,177.1,60.84
36.69,178.3,61.32
36.76,178.1,60.9
36.8,175.9,60.66
36.84,174.8,60.88
36.88,176.6,62.2
36.95,180.7,63.13
37.01,183.0,63.45
37.04,182.7,63.28
37.06,182.4,63.11
37.02,181.2,62.77
36.94,179.5,62.32
36.86,177.0,62.22
36.9,175.8,62.46
37.16,179.7,63.33
37.25,186.4,64.1
37.24,185.2,62.62
37.2,182.0,60.65
37.21,179.1,59.61
37.18,177.2,59.36
37.13,175.9,59.57
37.09,174.5,59.77
36.96,175.7,59.92
36.87,177.1,60.04
36.95,177.5,60.08
37.08,177.5,60.15
37.29,177.0,60.29
37.29,178.0,60.7
37.29,179.0,61.1
37.29,181.4,61.3
37.21,184.0,61.74
37.04,185.7,62.01
36.91,184.5,61.13
36.77,183.4,60.24
36.59,180.9,59.45
36.38,178.3,58.9
36.2,179.4,59.29
36.16,181.7,59.78
36.19,184.4,60.22
36.15,186.2,60.3
36.13,187.4,60.27
36.14,188.3,60.15
36.14,189.2,60.03
36.14,190.1,59.92
35.91,191.6,60.2
35.62,192.5,59.93
35.29,192.1,58.56
34.96,189.6,57.62
34.71,188.2,57.06
34.52,187.9,56.8
34.34,187.5,56.53
33.97,186.8,56.29
33.57,186.0,56.0
33.19,186.4,55.34
32.8,186.6,54.66
32.33,185.0,53.48
31.97,184.6,52.83
31.69,185.0,52.5
31.41,185.3,52.18
31.09,184.3,51.08
30.75,183.0,49.94
30.41,180.5,49.45
30.06,178.0,48.96
29.7,178.4,49.27
29.33,179.2,49.69
28.94,180.2,50.13
28.51,181.4,50.58
28.2,181.9,50.9
27.95,182.2,51.16
27.69,182.3,51.39
27.23,180.8,50.95
26.81,179.0,50.55
26.55,176.3,50.3
26.29,173.5,50.05
26.04,171.2,49.87
25.85,171.6,50.16
25.66,171.9,50.45
25.47,172.5,50.75
25.29,173.2,51.06
25.11,173.9,51.36
24.97,173.9,51.17
24.84,173.7,50.9
24.72,173.5,50.63
24.59,173.4,50.37
24.51,172.7,50.07
24.44,171.9,49.76
24.54,170.4,49.37
24.77,168.6,48.93
24.97,167.9,48.87
25.16,167.2,48.82
25.36,166.5,48.76
25.59,166.2,48.79
25.84,166.2,48.89
26.09,166.3,48.99
26.34,166.3,49.09
27.1,164.2,48.96
27.66,162.7,48.81
28.06,161.7,48.66
28.5,160.6,48.49
29.22,158.8,48.22
30.03,156.8,47.82
30.89,154.4,47.3
31.38,152.9,47.12
31.95,153.4,47.71
32.62,157.3,49.18
33.25,160.7,49.23
33.86,161.6,49.2
34.53,162.5,49.32
35.41,165.8,50.22
36.24,165.7,50.48
36.98,165.5,50.73
37.6,165.4,51.07
38.18,165.4,51.34
38.51,165.7,51.16
38.85,166.0,50.98
39.18,166.3,50.79
39.5,166.7,50.58
39.66,166.2,51.29
39.49,167.8,52.29
39.1,170.4,53.17
38.5,170.3,53.39
37.84,170.0,53.61
37.13,169.8,53.82
36.52,171.3,54.05
35.91,172.8,54.26
35.31,172.4,53.47
34.68,171.9,52.7
34.0,171.4,52.05
33.78,171.4,51.95
33.56,171.4,51.84
33.35,171.6,51.78
33.16,172.4,51.85
32.97,173.1,51.92
32.78,173.9,51.99
32.12,172.5,51.49
31.74,173.7,52.15
31.39,175.1,52.95
31.04,176.9,53.85
30.69,179.9,55.08
30.34,182.8,56.31
29.91,185.8,57.13
29.47,188.7,57.93
29.13,189.7,58.17
28.83,189.8,58.18
28.53,189.9,58.19
28.22,190.1,58.22
27.83,192.4,58.55
27.43,194.6,58.88
26.93,196.4,58.55
26.61,196.9,57.99
26.46,196.6,57.43
26.31,196.4,56.88
26.3,196.6,56.58
26.43,197.1,56.54
26.6,197.9,56.51
27.1,201.0,56.62
27.47,202.1,56.74
27.83,202.7,56.87
28.19,203.3,57.0
28.46,203.8,57.2
28.71,204.2,57.4
28.96,204.6,57.61
29.35,208.0,58.54
29.79,212.4,59.74
30.02,206.8,57.46
30.04,203.0,56.54
29.97,200.3,56.35
29.9,197.6,56.16
29.57,194.2,56.56
29.34,191.5,56.22
29.15,190.3,56.02
28.99,190.2,56.04
28.84,190.1,56.07
28.68,190.1,56.1
28.54,190.0,56.17
28.4,189.9,56.24
28.3,189.7,56.35
28.4,189.1,56.64
28.49,188.5,56.93
28.6,188.1,57.06
28.71,187.6,57.18
28.81,187.2,57.29
28.79,186.0,56.78
28.77,184.8,56.26
28.75,183.6,55.74
28.95,180.3,55.09
29.15,177.1,54.43
29.27,175.7,54.25
29.38,174.3,54.08
29.42,173.1,53.81
29.4,172.0,53.49
29.38,171.0,53.16
29.17,169.9,53.35
28.92,169.3,54.05
28.92,171.1,55.35
28.92,172.8,56.64
28.87,173.1,56.79
28.81,173.1,56.74
28.76,173.1,56.68
28.7,173.1,56.62
28.77,172.0,55.86
28.97,171.0,55.38
29.42,169.9,55.4
30.01,171.2,55.8
30.54,171.1,55.38
31.02,169.5,54.24
31.52,167.5,52.95
32.03,164.8,51.53
32.6,162.6,50.35
33.28,160.9,49.61
33.82,160.0,49.47
34.3,159.6,49.63
34.83,159.0,50.1
35.35,158.8,50.84
35.71,160.2,51.49
36.01,161.0,52.02
36.15,160.8,52.28
36.2,159.9,52.32
36.13,158.2,52.03
35.96,154.9,51.6
35.83,152.5,51.16
35.75,151.0,50.78
35.68,150.5,50.66
35.61,149.9,50.54
35.55,149.2,50.39
35.52,147.3,49.63
35.5,145.3,48.87
35.48,147.0,49.5
35.44,149.0,50.18
35.33,153.1,50.67
35.23,154.7,50.6
35.14,154.7,50.15
35.05,154.4,49.83
34.96,154.1,49.56
34.82,153.5,49.36
34.67,152.8,49.18
34.54,152.7,49.19
34.41,152.7,49.21
34.28,152.6,49.23
34.01,152.5,49.21
33.75,152.8,49.03
33.49,153.5,48.69
33.36,154.2,48.72
33.23,154.9,48.77
33.08,155.7,48.79
32.92,156.6,48.77
32.73,158.2,49.22
32.52,160.2,49.85
32.35,163.5,50.41
32.17,166.0,50.52
31.95,165.3,49.23
31.72,162.3,47.07
31.54,159.9,45.65
31.45,159.6,45.77
31.38,159.8,45.98
31.31,160.3,46.25
31.25,160.9,46.47
31.21,161.9,46.48
31.17,162.8,46.49
31.11,163.8,46.5
31.01,164.7,46.5
30.89,165.4,46.5
30.73,165.4,46.52
30.56,165.3,46.5
30.29,163.9,46.09
30.01,162.5,45.69
29.59,158.8,45.17
29.13,156.5,45.0
28.63,156.9,45.46
28.17,157.1,45.78
27.89,156.6,45.45
27.6,156.1,45.13
27.37,155.9,44.96
27.17,156.1,44.89
26.97,156.3,44.82
26.76,156.5,44.78
26.48,156.8,44.81
26.27,157.2,44.88
26.22,158.1,45.05
26.25,159.1,45.29
26.3,160.1,45.54
26.35,161.1,45.8
26.39,161.9,45.92
26.42,162.6,46.02
26.45,163.2,46.12
26.48,163.9,46.22
26.52,164.9,46.4
26.6,166.9,46.86
26.77,167.6,47.37
27.02,167.1,47.94
27.26,166.5,48.07
27.49,165.8,48.2
27.66,164.4,48.43
27.83,163.0,48.66
28.01,162.2,48.88
28.22,162.4,49.08
28.42,162.5,49.28
28.57,162.0,49.26
28.72,161.6,49.29
28.91,161.6,49.62
29.12,161.9,49.94
29.4,162.4,50.22
29.87,162.9,50.03
30.14,162.2,49.74
30.31,161.0,49.41
30.5,160.5,49.4
30.69,160.4,49.56
30.88,160.2,49.71
31.36,161.2,50.49
31.9,162.3,51.37
32.29,163.8,51.38
32.68,165.2,51.4
33.03,163.4,51.11
33.36,161.3,50.78
33.57,160.9,51.15
33.77,160.6,51.56
34.02,160.9,52.21
34.32,162.2,53.21
34.36,163.5,53.48
34.29,164.1,53.58
34.19,164.2,53.71
34.09,164.4,53.83
33.92,162.6,53.87
33.87,161.3,53.7
33.82,160.1,53.53
33.75,159.3,53.61
33.64,160.3,54.46
33.63,161.8,55.0
33.74,163.5,55.37
34.03,164.6,55.76
34.25,165.5,55.98
34.39,166.0,56.0
34.52,166.5,56.02
34.64,167.3,56.04
34.72,169.2,56.07
34.8,171.0,56.11
34.95,172.0,56.73
34.97,171.9,56.92
34.84,170.2,56.61
34.73,169.6,56.69
34.63,169.3,56.9
34.53,169.0,57.1
34.34,168.2,57.1
34.21,166.8,56.87
34.14,164.7,56.46
34.09,165.1,56.91
34.09,165.9,56.98
34.16,167.2,56.54
34.24,168.4,56.12
34.36,168.4,55.87
34.36,167.3,55.25
34.29,165.9,54.48
34.31,163.9,53.82
34.43,162.0,53.49
34.86,162.8,54.6
35.0,163.0,54.57
35.14,163.2,54.5
35.25,162.9,54.4
35.34,162.2,54.27
35.48,161.7,54.37
35.6,161.3,54.52
35.69,161.6,54.81
35.77,161.9,55.1
35.82,162.1,55.34
35.75,162.4,55.39
35.69,162.4,55.26
35.64,161.2,54.5
35.74,158.1,54.46
35.9,158.0,54.56
36.07,158.9,54.7
36.23,159.5,54.58
36.42,159.9,54.38
36.77,157.9,53.58
36.91,157.1,53.38
36.97,156.7,53.4
37.03,156.2,53.42
37.12,155.9,53.35
37.26,155.7,53.13
37.44,154.8,53.02
37.55,155.5,53.78
37.56,157.9,55.07
37.49,158.9,54.37
37.41,158.6,54.54
37.31,158.4,54.69
36.93,158.5,54.58
36.65,156.9,53.98
36.38,155.0,53.31
36.21,152.1,53.24
36.1,148.8,53.24
36.02,146.0,52.53
35.99,145.1,52.39
36.03,146.6,52.95
36.05,148.0,53.3
36.05,149.3,53.2
35.97,149.8,53.28
35.88,150.2,53.36
35.78,151.2,53.68
35.67,152.7,54.16
35.5,152.9,54.24
35.25,152.0,53.92
35.08,148.3,53.42
34.96,146.2,53.28
34.93,146.7,53.76
34.94,148.6,54.24
35.0,151.5,54.75
35.13,155.8,55.57
35.17,155.0,54.93
35.21,154.1,54.28
35.26,152.8,53.76
35.34,151.3,53.46
35.42,152.1,53.7
35.52,153.1,53.96
35.71,155.0,54.26
35.79,154.7,53.89
35.86,153.7,53.51
35.98,153.6,53.62
36.08,153.0,53.57
36.1,151.1,53.11
36.0,150.5,52.89
35.9,150.1,52.69
35.74,149.5,52.61
35.61,149.0,52.65
35.54,148.8,52.94
35.45,149.1,53.22
35.29,150.2,53.5
35.22,151.4,53.99
35.14,152.9,54.63
35.06,155.9,55.71
35.06,156.6,55.88
35.07,157.0,55.94
35.03,156.9,55.63
34.94,156.3,54.88
34.84,155.7,54.5
34.74,155.4,54.93
34.7,156.9,55.02
34.76,157.7,54.83
34.95,156.5,54.38
34.96,156.3,54.39
34.94,156.4,54.49
34.95,156.5,54.48
35.05,156.5,54.18
35.07,156.6,54.0
35.01,156.7,53.92
34.99,155.6,53.51
34.98,154.6,53.28
34.97,154.5,54.02
35.04,154.0,54.12
35.14,153.4,53.95
35.15,152.8,53.95
35.13,152.4,53.95
35.12,152.2,53.77
35.13,152.4,53.77
35.19,153.3,54.06
35.21,152.7,53.64
35.23,152.0,53.2
35.25,151.3,52.76
35.21,150.4,52.52
34.97,148.4,52.86
35.06,146.0,52.59
35.15,143.6,52.32
35.43,142.9,52.44
35.59,143.0,52.54
35.67,143.6,52.6
35.74,144.2,52.65
35.83,145.1,53.14
35.96,145.9,53.66
36.19,146.1,54.0
36.25,146.5,54.28
36.29,146.8,54.51
36.31,145.9,54.21
36.32,145.0,53.91
36.38,144.7,54.15
36.65,144.4,54.44
37.08,144.0,54.7
37.56,143.9,54.91
38.16,144.1,54.91
38.8,144.8,54.89
39.48,146.2,54.97
39.94,145.1,54.38
40.27,142.5,53.36
40.36,140.9,53.44
40.4,139.5,53.73
40.69,141.1,55.35
40.89,140.7,55.42
41.07,139.8,55.12
41.23,138.5,54.73
41.4,137.0,54.27
41.63,134.9,53.89
41.98,132.0,53.6
42.34,130.7,53.56
42.64,130.4,53.74
42.74,130.8,54.14
42.83,131.1,54.48
42.88,130.9,54.57
43.03,131.0,54.85
43.23,132.7,55.15
43.41,134.3,54.83
43.42,131.9,53.39
43.3,130.6,53.04
43.28,130.0,52.98
43.29,129.6,53.06
43.21,129.0,52.92
43.11,128.3,52.75
43.05,127.9,52.7
43.23,129.4,53.6
43.88,130.5,54.09
44.07,131.6,54.23
44.25,132.6,54.37
44.34,134.6,54.61
44.21,138.6,55.06
43.82,139.3,54.81
43.38,141.2,55.84
42.94,142.8,56.47
42.61,142.6,56.3
42.61,140.1,55.81
42.79,140.8,55.92
42.94,141.5,56.04
43.09,142.2,56.14
43.1,142.5,56.11
43.09,142.6,56.03
43.06,142.9,55.98
42.77,144.2,56.15
42.25,146.4,56.15
41.45,146.9,55.72
40.58,143.9,55.04
40.06,141.2,54.91
39.55,142.6,55.77
39.1,143.3,55.84
38.75,142.7,54.79
38.42,142.2,53.7
38.14,142.3,52.52
38.02,142.5,52.33
37.94,142.7,52.42
37.9,143.3,52.61
37.89,144.2,52.92
37.8,144.6,52.87
37.69,145.0,52.82
37.64,146.0,53.15
37.58,147.0,53.48
37.46,148.7,53.63
37.23,151.9,53.41
37.15,151.7,53.17
37.09,151.2,52.93
36.9,151.2,53.06
36.75,151.0,53.13
36.68,150.6,53.05
36.78,153.0,53.94
36.91,155.5,54.73
37.01,157.0,55.05
37.12,158.5,55.36
37.22,160.2,55.53
37.32,162.1,55.53
37.43,164.9,56.63
37.5,167.7,57.37
37.55,168.9,57.52
37.6,168.6,57.15
37.62,168.1,56.79
37.6,167.5,56.44
37.59,166.8,56.09
37.43,165.2,55.7
37.22,165.3,55.69
37.0,167.2,56.02
36.96,166.9,55.48
36.86,166.5,54.81
36.66,165.6,53.89
36.52,165.5,53.46
36.39,165.7,53.16
36.27,165.9,52.85
35.94,166.1,53.1
35.61,166.6,53.37
35.28,167.4,53.62
35.09,168.0,53.76
34.92,168.7,53.9
34.68,168.9,53.78
34.31,168.2,52.98
34.02,167.1,52.93
33.75,166.1,53.0
33.5,166.0,53.21
33.26,166.8,53.54
32.89,168.6,54.07
32.54,170.2,54.44
32.36,170.6,54.27
32.18,170.9,54.09
32.0,171.3,53.92
31.77,171.5,53.89
31.51,171.6,54.0
31.26,171.6,54.1
31.08,170.7,54.12
30.91,169.8,54.13
30.84,171.4,54.81
30.78,173.0,55.51
30.74,173.9,55.55
30.71,174.7,55.49
30.68,175.5,55.45
30.72,175.9,55.68
30.8,175.2,55.43
30.87,174.5,55.14
30.95,173.6,54.86
31.02,171.9,54.77
31.09,170.2,54.67
31.14,169.0,54.61
31.1,169.7,54.66
31.28,169.8,54.7
31.47,169.9,54.73
31.61,170.7,54.75
31.75,171.4,54.76
31.87,172.1,54.62
32.0,172.7,54.48
32.17,171.1,54.07
32.41,169.9,54.09
32.69,170.8,54.85
33.04,172.1,54.98
33.42,173.3,54.7
33.73,172.9,54.36
34.05,172.5,54.02
34.43,172.8,54.12
34.84,173.9,54.54
35.08,175.1,54.62
35.33,176.2,54.68
35.63,174.9,54.34
35.73,174.0,54.03
35.77,173.3,53.73
35.74,173.5,53.33
35.59,175.5,52.74
35.55,176.5,53.02
35.4,178.5,53.89
35.16,181.5,55.24
35.06,183.9,55.48
34.93,185.4,55.5
34.65,184.0,54.83
34.43,183.5,54.48
34.23,183.7,54.34
34.03,183.9,54.2
33.77,184.1,54.29
33.48,184.3,54.59
33.18,185.1,54.77
32.87,186.5,54.77
32.29,186.6,54.62
31.8,186.0,54.36
31.44,184.8,53.95
31.08,183.6,53.55
30.64,182.4,53.59
30.16,181.3,53.74
29.74,181.6,54.02
29.33,182.2,54.32
29.01,182.8,54.45
28.75,183.5,54.47
28.49,184.1,54.49
28.13,184.6,54.24
27.7,184.9,53.78
27.64,184.7,53.82
27.58,184.5,53.87
27.52,184.4,53.93
27.46,184.2,53.98
27.37,185.5,54.17
27.26,187.4,54.4
27.16,189.4,54.64
27.04,190.5,54.71
26.9,190.8,54.61
26.81,191.2,54.41
26.86,192.0,54.04
26.96,192.8,53.91
27.12,193.5,53.98
27.28,194.3,54.06
27.57,194.6,53.99
27.87,194.8,53.9
28.11,194.4,53.92
28.36,193.9,53.94
28.6,193.4,53.96
29.09,190.9,53.47
29.46,189.9,53.31
29.65,190.8,53.58
29.84,191.7,53.85
30.1,190.8,53.14
30.37,189.1,52.29
30.55,187.5,52.27
30.57,186.9,51.82
30.63,187.4,51.9
30.68,188.1,52.19
30.64,187.2,52.31
30.59,186.4,52.43
30.55,185.7,52.48
30.53,185.4,52.41
30.5,185.6,52.49
30.44,187.4,52.92
30.47,187.6,53.18
30.54,187.3,53.38
30.61,186.9,53.58
30.68,185.4,53.3
30.75,182.9,52.62
30.79,181.3,52.2
30.8,180.2,51.88
30.82,179.1,51.56
30.77,177.8,51.23
30.62,176.3,50.88
30.46,175.1,50.59
30.1,176.6,50.87
29.82,177.4,51.14
29.63,177.6,51.41
29.43,177.9,51.68
29.21,178.2,51.61
29.0,178.1,51.44
28.81,177.0,51.25
28.69,177.5,51.21
28.68,180.3,51.39
28.69,182.4,51.55
28.73,183.5,51.69
28.78,184.0,51.69
28.83,184.3,51.63
28.88,184.6,51.58
28.87,184.6,51.51
28.84,184.6,51.45
28.84,184.8,51.51
28.84,184.3,51.44
28.85,183.1,51.16
28.86,181.9,50.88
28.87,180.5,50.36
28.88,178.8,49.47
28.83,176.6,49.06
28.76,174.3,48.71
28.7,172.0,48.36
28.59,171.6,48.65
28.45,171.9,49.17
28.34,172.0,49.82
28.24,171.8,50.45
28.19,170.9,50.24
28.13,169.9,50.03
28.14,168.9,49.73
28.21,167.8,49.36
28.27,166.7,48.98
28.31,164.4,48.48
28.34,162.9,48.06
28.37,162.4,47.75
28.4,162.1,47.49
28.49,165.3,47.83
28.57,168.6,48.17
28.63,168.4,48.03
28.68,168.2,47.89
28.73,168.1,47.75
28.84,168.1,47.37
29.02,168.3,46.67
29.36,167.6,46.2
29.77,166.7,45.8
30.32,168.4,45.62
30.79,169.4,45.41
31.14,169.5,45.16
31.5,169.7,44.91
31.8,170.9,45.06
32.08,172.4,45.29
32.17,172.2,45.33
32.23,171.7,45.33
32.25,171.9,45.46
32.2,174.2,45.93
32.09,176.2,46.38
31.96,176.9,46.46
31.85,176.6,46.28
31.73,176.3,46.1
31.61,176.0,45.92
31.33,175.4,45.81
31.0,174.6,45.74
30.51,174.9,46.07
30.03,175.4,46.41
29.7,176.6,46.51
29.37,177.7,46.6
29.03,178.8,46.9
28.68,179.9,47.27
28.38,180.6,47.53
28.19,180.1,47.52
28.01,179.7,47.51
27.83,178.8,47.61
27.68,177.3,47.91
27.52,175.7,48.21
27.38,175.0,48.37
27.25,175.0,48.43
27.12,174.9,48.49
26.99,174.9,48.55
26.63,175.5,48.77
26.19,176.4,49.04
25.94,176.1,48.88
25.75,175.5,48.61
25.56,174.9,48.34
25.37,174.3,48.06
24.97,172.8,47.88
24.57,171.3,47.71
24.36,172.0,48.02
24.15,172.6,48.32
24.02,173.0,48.58
23.99,173.0,48.79
23.99,173.0,48.92
24.09,172.9,48.87
24.19,172.8,48.82
24.36,173.2,49.05
24.58,173.9,49.45
24.8,174.6,49.86
25.24,176.2,50.55
25.69,177.6,51.2
26.22,177.2,51.22
26.76,176.8,51.23
27.5,177.7,52.01
28.14,178.3,52.61
28.54,178.3,52.74
28.94,178.3,52.87
29.39,178.2,53.07
29.9,177.9,53.33
30.46,174.4,53.12
31.06,169.7,52.95
31.6,170.6,54.31
32.07,171.1,54.85
32.58,170.7,55.16
33.17,168.8,55.04
33.66,166.7,55.41
34.12,164.6,56.0
34.77,165.5,57.02
35.46,166.9,58.0
36.14,165.4,57.73
36.75,164.4,57.79
37.24,164.3,58.37
37.79,161.4,58.16
38.4,155.8,57.17
39.08,152.1,56.63
39.24,151.4,56.59
39.39,150.8,56.55
39.55,150.2,56.5
39.71,152.3,58.35
39.88,154.0,58.99
40.02,153.1,58.86
40.12,150.3,58.54
40.06,149.3,59.03
40.2,152.2,59.62
40.45,155.5,59.87
40.7,155.8,59.39
40.7,156.5,59.38
40.68,157.3,59.39
40.66,157.7,59.23
40.6,157.3,58.66
40.74,159.5,58.74
40.76,161.0,58.77
40.63,160.8,58.52
40.51,160.6,58.28
40.34,160.5,58.12
40.08,160.4,58.19
39.98,164.0,58.63
39.81,166.2,58.89
39.56,166.9,59.0
39.1,165.7,58.14
38.53,163.7,56.83
37.95,162.5,56.13
37.23,163.4,56.28
36.68,163.9,56.11
36.23,163.9,55.68
35.73,164.1,55.37
35.04,165.1,55.54
34.54,166.6,55.89
34.12,167.6,56.08
33.74,167.6,55.92
33.36,167.6,55.77
32.9,167.1,55.34
32.27,165.6,54.37
31.98,165.0,54.25
31.81,164.8,54.46
31.65,164.6,54.67
31.52,165.7,55.0
31.39,167.0,55.36
31.15,166.9,55.18
30.89,166.7,54.93
30.65,166.4,54.65
30.51,165.4,54.13
30.38,164.4,53.61
30.23,163.6,53.22
30.02,163.4,53.32
29.83,163.0,53.18
29.66,162.2,52.82
29.5,161.5,52.47
29.35,161.6,52.58
29.25,163.2,53.63
29.26,166.0,55.23
29.34,169.5,57.04
29.49,170.5,57.12
29.68,170.0,56.51
29.87,169.1,55.71
30.13,168.0,55.07
30.44,166.8,54.61
30.79,165.9,54.24
31.22,165.7,54.04
31.64,163.7,53.18
32.07,161.4,52.17
32.6,157.7,51.65
33.15,154.3,51.18
33.85,153.1,51.05
34.53,152.0,51.02
35.18,151.2,51.16
35.59,150.6,51.24
35.92,150.2,51.28
36.38,148.9,51.12
36.81,148.1,51.04
37.0,149.1,51.36
37.15,150.0,51.63
37.15,150.7,51.79
37.17,150.3,51.8
37.31,150.2,51.62
37.48,150.5,51.5
37.59,150.8,51.58
37.7,151.0,51.66
37.88,150.6,51.27
38.14,149.3,50.3
38.4,149.9,50.54
38.63,150.6,50.9
38.68,151.1,50.9
38.73,151.6,50.9
38.77,152.0,50.9
38.61,153.1,50.24
38.39,153.6,49.62
38.1,154.0,49.14
37.57,155.8,49.41
36.75,157.5,49.24
35.9,158.8,48.91
35.17,159.4,48.54
34.57,160.6,48.6
34.01,161.8,48.78
33.52,161.9,48.63
33.08,161.5,48.34
32.66,161.2,48.03
32.33,160.9,47.72
32.0,160.6,47.41
31.68,161.8,47.66
31.37,163.6,48.05
31.07,165.3,48.18
30.78,167.0,48.31
30.48,168.5,48.37
30.11,167.8,47.53
29.73,167.1,46.68
29.26,166.0,45.59
28.56,163.9,43.95
27.89,162.2,42.72
27.31,161.5,42.46
26.73,160.7,42.2
25.84,162.1,42.09
25.19,163.9,42.2
24.95,165.2,42.49
24.71,166.6,42.79
24.5,167.7,43.04
24.38,168.0,43.09
24.27,168.3,43.14
24.16,168.6,43.19
24.05,168.9,43.24
23.92,169.8,43.33
23.78,171.6,43.48
23.75,172.9,43.67
23.74,174.1,43.86
23.75,174.9,44.0
23.76,175.1,44.07
23.78,175.4,44.15
23.8,175.7,44.22
23.68,175.6,44.14
23.54,175.5,44.04
23.41,175.4,43.93
23.3,175.1,43.89
23.21,174.9,43.87
23.07,174.7,44.06
22.91,174.5,44.32
22.76,174.7,44.54
22.63,175.6,44.73
22.5,176.5,44.91
22.42,175.9,44.71
22.36,174.8,44.36
22.46,173.6,44.28
22.59,172.3,44.26
22.73,171.0,44.23
22.83,171.2,44.48
22.92,171.5,44.74
23.02,171.8,44.99
23.27,171.7,44.99
23.63,171.1,44.81
24.01,171.3,45.05
24.38,172.0,45.59
24.75,172.3,45.9
25.11,171.9,45.68
25.44,171.6,45.56
25.68,171.4,45.9
25.93,171.2,46.24
26.23,171.0,46.63
26.63,170.9,47.09
26.98,170.9,47.52
27.22,171.0,47.89
27.46,171.1,48.23
27.79,171.0,48.2
28.15,171.2,48.3
28.68,173.6,49.24
29.18,174.9,49.78
29.67,176.0,50.22
30.11,173.3,49.77
30.58,170.8,49.41
31.19,170.4,49.64
31.62,169.8,49.75
31.95,169.2,49.77
32.27,168.5,49.79
32.75,166.8,49.43
33.18,164.9,49.42
33.5,163.1,50.02
33.68,163.1,50.55
33.83,163.5,51.07
33.83,164.1,51.88
33.81,164.8,52.68
33.63,167.4,53.21
33.46,166.7,53.18
33.3,164.5,52.92
33.09,159.9,52.19
32.93,155.7,51.47
32.88,154.1,51.13
32.85,152.9,50.99
32.97,153.6,52.19
33.11,154.5,53.43
33.32,156.7,54.98
33.53,159.0,56.52
33.67,159.1,56.11
33.8,159.2,55.68
33.94,159.3,55.24
34.12,158.9,54.73
34.3,158.6,54.29
34.4,159.5,54.52
34.49,159.2,54.21
34.55,157.6,53.65
34.57,155.0,53.2
34.68,154.0,53.1
34.9,154.4,53.27
35.18,155.0,53.43
35.58,156.1,53.38
35.98,157.1,53.33
36.75,157.9,53.44
37.04,157.4,53.22
37.21,156.5,52.9
37.37,155.7,52.57
37.58,153.9,52.38
37.51,153.3,52.42
37.32,153.3,52.53
36.96,152.4,52.42
36.52,151.1,52.35
36.24,150.1,52.31
36.11,149.6,52.27
35.98,149.1,52.24
35.86,148.6,52.2
35.72,148.0,52.15
35.57,146.7,52.07
35.41,145.5,51.98
35.25,144.2,51.9
35.05,142.2,51.54
34.83,139.9,51.05
34.67,140.7,51.49
34.53,142.9,52.35
34.49,143.9,52.49
34.46,144.6,52.47
34.53,147.5,52.87
34.62,151.0,53.38
34.65,151.9,53.22
34.71,152.3,52.89
34.83,152.1,52.35
34.82,152.2,52.34
34.76,152.4,52.48
34.71,152.5,52.62
34.58,153.5,52.47
34.42,154.8,52.17
34.4,156.5,52.62
34.58,157.9,53.25
34.95,159.0,53.87
35.45,161.1,54.55
35.75,163.5,55.0
36.04,165.9,55.42
35.97,165.4,53.7
35.87,163.6,51.69
35.77,161.2,49.65
35.65,159.9,49.34
35.5,159.5,49.99
35.31,160.4,50.97
35.08,161.2,51.69
34.8,162.2,51.76
34.72,162.5,51.59
34.66,162.7,51.41
34.56,163.3,51.63
34.47,163.9,51.87
34.37,164.5,52.11
34.18,165.1,52.25
33.82,165.6,52.2
33.39,165.9,52.12
32.83,165.6,51.99
32.33,164.3,51.97
31.9,163.1,51.97
31.67,163.5,52.02
31.45,163.9,52.06
30.92,164.3,52.06
30.56,165.2,52.29
30.34,166.2,52.57
30.11,167.4,52.74
29.77,169.3,52.36
29.57,170.1,52.1
29.52,169.7,51.97
29.47,169.3,51.84
29.48,168.9,51.73
29.52,168.5,51.63
29.54,168.3,51.61
29.54,168.4,51.74
29.53,168.5,51.88
29.53,168.6,52.02
29.61,168.6,51.99
29.8,168.7,52.03
30.04,168.9,52.04
30.15,169.0,51.62
30.25,169.0,51.2
30.31,169.1,51.13
30.33,169.2,51.23
30.36,169.3,51.33
30.33,168.4,51.48
30.27,167.0,51.65
30.36,167.1,52.08
30.45,167.5,52.54
30.77,166.9,52.58
31.12,166.0,52.4
31.52,164.5,51.91
31.86,163.0,51.64
32.13,161.6,51.67
32.4,160.1,51.7
32.86,157.6,51.03
33.28,157.1,50.85
33.67,158.2,51.13
33.84,158.6,51.14
34.01,159.0,51.15
34.19,159.3,51.16
34.31,159.8,51.99
34.44,160.7,52.84
34.63,162.1,53.33
34.89,161.2,53.74
35.14,160.8,53.85
35.37,160.6,53.78
35.64,159.3,53.08
35.91,158.0,52.32
36.08,156.7,52.14
36.25,155.4,51.95
36.45,155.1,52.51
36.69,156.7,54.44
36.84,158.3,55.44
37.0,160.0,56.35
37.22,162.3,56.62
37.17,163.8,56.81
36.92,164.4,57.0
36.71,164.5,57.33
36.47,164.0,57.26
36.26,163.3,57.04
36.19,163.1,56.94
36.12,162.9,56.82
36.01,159.6,55.56
36.02,157.4,55.33
36.11,155.7,55.69
36.28,155.8,56.8
36.7,161.2,59.95
36.89,160.6,59.57
37.08,160.0,59.18
37.26,158.9,58.7
37.42,157.2,58.14
37.49,157.2,58.07
37.48,157.3,58.05
37.16,157.2,58.14
36.73,155.7,58.22
36.33,154.4,58.53
36.16,154.6,59.36
36.35,154.9,59.91
36.51,155.7,60.14
36.65,156.6,60.25
36.8,157.5,60.35
37.19,158.0,60.08
37.69,158.6,59.88
38.47,160.3,60.32
38.92,161.3,60.52
39.27,162.1,60.63
39.61,162.9,60.74
39.8,164.2,61.29
39.97,165.7,61.97
40.14,167.7,62.75
40.38,170.6,63.21
40.39,171.7,63.04
40.38,172.5,62.79
40.36,173.3,62.54
40.34,174.2,62.29
40.3,170.5,61.2
40.21,168.5,61.1
40.04,169.0,61.78
39.85,169.8,62.07
39.77,170.9,62.39
39.72,172.1,62.72
39.76,172.4,62.6
39.62,171.1,61.5
39.32,168.1,59.9
38.97,165.0,58.57
38.61,163.6,58.61
38.24,162.2,58.66
37.73,162.5,58.62
37.16,163.4,58.55
36.42,163.2,58.11
35.61,162.4,57.51
34.93,162.7,57.93
34.27,163.1,58.36
33.89,164.3,58.71
33.57,166.3,59.15
33.38,170.5,59.83
33.2,171.4,59.64
33.02,172.1,59.4
32.84,172.6,59.12
32.72,170.3,57.84
32.61,168.0,56.56
32.46,166.7,55.86
32.25,167.9,56.67
32.19,172.2,58.25
32.18,174.1,58.63
32.19,175.5,58.75
32.32,174.5,58.38
32.44,173.3,58.0
32.5,172.5,57.78
32.46,171.8,57.49
32.24,171.0,57.06
32.15,168.8,55.98
32.14,167.0,55.29
32.32,166.0,55.47
32.52,166.9,55.65
32.72,168.2,55.83
32.92,169.4,56.01
33.23,168.1,55.52
33.56,166.4,54.97
34.05,164.3,54.65
34.48,162.7,54.38
34.86,161.3,54.14
35.14,160.3,53.76
35.32,159.6,53.26
35.51,158.8,52.77
35.78,156.8,52.4
36.09,154.4,52.09
36.39,148.5,51.36
36.68,147.4,52.06
36.96,149.5,53.57
37.22,151.4,54.28
37.3,152.8,54.68
37.34,154.1,55.0
37.38,154.8,55.16
37.48,152.2,54.47
37.75,151.9,54.78
38.18,152.5,54.66
38.53,155.4,54.81
38.77,159.9,55.39
39.04,160.3,55.04
39.29,158.7,54.39
39.4,156.9,54.07
39.51,155.2,53.75
39.63,153.5,53.48
39.79,152.8,53.62
39.93,153.0,54.51
40.05,153.0,55.1
40.16,152.5,55.03
40.35,151.2,55.14
40.47,150.0,55.2
40.32,148.9,55.01
40.1,148.2,54.86
39.6,148.9,54.8
39.0,148.6,54.58
38.67,147.3,54.02
38.43,145.8,53.37
38.18,144.2,52.73
37.94,142.6,52.92
37.72,141.3,53.51
37.77,145.0,55.55
37.86,146.7,56.24
37.96,146.3,55.86
38.06,145.3,55.27
38.15,144.3,54.74
38.22,143.7,54.55
38.29,143.1,54.36
38.35,142.5,54.17
38.24,140.1,53.27
38.09,137.8,52.38
37.94,137.6,52.28
37.73,139.0,52.63
37.55,141.9,53.27
37.55,143.7,53.53
37.58,144.4,53.63
37.54,144.5,53.46
37.45,144.0,53.1
37.72,142.0,52.54
38.04,141.0,52.31
38.52,142.6,53.01
39.03,144.5,53.61
39.62,147.1,54.04
40.2,143.9,52.02
40.74,140.4,50.64
40.95,139.1,50.33
40.9,139.8,50.5
40.86,140.5,50.67
40.67,141.5,50.67
40.28,142.9,50.52
39.81,143.3,51.09
39.51,142.0,50.94
39.26,140.1,50.54
39.17,139.3,50.4
39.13,139.0,50.35
39.1,138.7,50.32
39.1,139.0,50.54
39.1,139.3,50.76
39.09,139.5,50.94
39.0,139.6,50.99
38.91,139.7,51.0
38.74,140.0,50.43
38.48,140.2,50.2
38.16,140.4,50.2
37.78,140.4,49.91
37.38,140.3,49.54
36.82,139.9,49.21
36.15,139.4,48.92
35.44,138.6,48.73
35.03,138.4,48.65
34.77,138.5,48.62
34.51,138.5,48.59
34.24,138.7,48.61
33.87,140.4,49.15
33.56,141.9,49.48
33.53,142.0,48.74
33.62,141.1,47.79
33.81,139.5,46.66
34.04,139.6,46.52
34.27,140.8,46.91
34.56,142.5,47.29
35.01,145.5,47.65
35.2,146.6,47.79
35.25,146.8,47.83
35.31,146.9,47.88
35.31,147.5,48.17
35.21,148.4,48.77
35.03,144.3,48.35
34.94,141.0,47.65
34.83,138.0,46.79
34.68,135.0,45.9
34.67,133.2,45.29
34.66,131.5,44.69
34.74,130.8,44.39
34.82,130.1,44.09
34.9,129.8,43.98
34.99,132.6,45.11
35.09,135.0,45.74
35.19,136.7,45.59
35.36,136.2,44.82
35.6,134.1,43.61
35.9,135.2,44.12
36.11,136.5,44.71
36.08,137.2,44.95
36.06,137.8,45.18
36.13,138.7,45.25
36.18,137.8,45.17
36.21,136.5,45.06
36.14,136.1,45.36
36.04,136.0,45.76
35.96,135.6,46.36
35.95,134.6,47.55
35.97,136.6,48.04
35.88,138.0,48.19
35.76,139.2,48.23
35.57,139.8,48.19
35.45,139.7,47.89
35.43,138.4,47.19
35.35,138.6,47.35
35.27,138.8,47.53
35.2,139.0,47.72
35.12,139.3,47.9
35.05,139.6,48.16
35.0,140.1,48.48
35.02,140.7,48.83
35.21,141.2,49.21
35.4,141.7,49.44
35.6,142.2,49.64
35.79,142.7,49.83
35.88,143.1,49.98
35.97,143.6,50.13
36.03,142.4,49.68
36.05,141.4,49.37
36.03,141.3,49.53
35.87,141.9,49.49
35.58,143.1,49.3
35.21,143.0,48.72
34.82,140.5,47.76
34.68,137.3,47.42
34.71,139.1,48.62
34.73,141.0,49.83
34.81,143.6,51.22
34.93,147.2,52.81
35.09,149.7,53.73
35.3,151.0,53.88
35.53,152.6,54.22
35.81,154.7,54.93
35.99,157.0,55.47
36.15,159.4,56.01
36.38,162.2,56.72
36.37,163.6,57.29
36.27,164.5,57.81
36.05,163.9,57.48
35.74,162.3,56.62
35.36,160.1,56.46
35.07,158.1,56.28
34.9,156.6,56.03
34.78,155.1,55.59
34.67,153.5,55.03
34.75,152.1,54.6
34.82,151.1,54.35
34.87,151.0,54.52
34.91,151.0,54.69
34.95,150.9,54.86
34.86,152.8,55.11
34.77,154.7,55.37
34.63,154.9,54.84
34.41,151.9,52.96
34.07,149.6,51.96
33.91,149.3,51.77
33.79,149.3,51.74
33.67,149.3,51.71
33.56,148.7,51.54
33.47,147.5,51.25
33.44,146.8,51.06
33.44,146.3,50.9
33.44,146.2,50.95
33.45,146.1,51.06
33.51,146.2,51.24
33.61,146.4,51.45
33.81,146.7,51.56
34.08,146.9,51.6
34.28,148.2,51.64
34.49,149.5,51.69
34.82,148.6,51.29
35.0,147.5,50.97
34.96,147.0,50.9
34.82,146.8,51.01
34.57,147.0,51.29
34.37,147.5,51.66
34.32,148.0,51.9
34.41,148.5,52.03
34.59,148.1,52.15
34.77,147.8,52.27
35.0,147.6,52.49
35.37,148.2,53.04
35.78,145.1,51.04
36.01,142.2,49.46
36.18,139.5,48.22
36.34,137.3,47.27
36.44,137.7,47.99
36.53,138.4,48.54
36.57,140.1,48.59
36.72,139.6,48.43
36.88,138.0,48.11
36.98,136.0,47.69
37.09,134.7,47.32
37.2,133.4,46.95
37.29,133.1,47.09
37.38,133.0,47.38
37.48,132.9,47.58
37.6,133.1,47.51
37.96,132.8,47.28
38.48,133.5,47.25
39.17,135.5,47.56
39.66,137.4,48.07
39.9,138.1,48.25
39.98,138.0,48.23
40.07,137.9,48.21
40.13,136.6,47.9
40.14,136.8,48.18
40.1,139.6,49.06
40.09,141.4,48.94
40.09,141.4,48.89
40.13,141.3,48.97
40.17,141.9,49.35
40.13,143.6,50.2
40.09,145.4,51.05
39.93,147.6,51.69
39.57,150.5,51.96
39.24,150.2,51.34
38.88,149.2,50.65
38.36,147.6,50.38
37.89,144.6,49.92
37.52,143.7,49.73
37.24,145.5,49.94
36.91,147.4,50.08
36.52,149.2,50.16
36.1,150.4,50.12
35.64,151.1,49.98
35.21,151.6,49.74
34.85,151.2,49.26
34.44,150.2,48.95
33.91,147.7,49.0
33.7,147.6,49.02
33.53,147.8,49.04
33.36,148.1,49.07
33.27,148.5,49.33
33.22,149.5,49.71
33.18,150.7,50.13
33.14,151.8,50.55
33.0,153.9,50.95
32.66,157.3,51.19
32.39,155.6,50.21
32.1,153.4,49.4
31.76,149.9,49.07
31.6,149.7,49.03
31.44,149.4,48.99
31.24,149.3,48.97
30.96,149.6,48.97
30.88,150.5,49.28
30.87,151.4,49.61
30.88,149.9,48.89
30.89,148.3,48.17
30.96,148.7,47.82
31.08,150.1,47.7
31.2,152.0,47.99
31.32,154.1,48.43
31.45,156.1,48.86
31.59,156.4,48.96
31.75,155.0,48.75
31.88,153.8,48.61
31.97,152.9,48.54
32.12,151.7,48.24
32.42,149.9,47.51
32.56,149.0,47.64
32.67,148.2,47.92
32.82,146.3,47.48
32.98,144.4,47.15
33.12,143.5,47.25
33.25,143.5,47.71
33.38,143.6,48.17
33.45,144.0,48.57
33.52,144.5,48.73
33.73,143.7,47.98
33.97,143.0,47.61
34.24,142.3,47.43
34.49,140.9,46.88
34.79,139.6,46.34
35.37,139.1,45.88
35.74,138.3,45.62
36.04,137.5,45.42
36.26,136.5,45.37
36.41,135.4,45.45
36.57,134.3,45.52
36.72,133.6,45.75
36.88,133.0,46.01
37.07,132.4,46.23
37.5,132.2,46.2
37.74,143.3,52.21
37.87,154.9,57.17
37.93,164.6,59.79
37.9,180.6,65.08
37.55,184.6,65.6
37.14,186.9,65.32
36.68,189.9,65.11
36.34,188.5,64.21
36.49,189.6,64.43
36.74,191.4,64.94
36.97,192.7,65.08
37.25,194.8,65.34
37.62,198.2,65.83
38.0,201.6,66.32
38.2,202.1,66.37
38.38,202.3,66.37
38.45,202.3,66.31
38.12,201.8,66.11
37.38,203.5,66.77
36.57,200.7,66.5
35.74,197.0,65.98
34.93,193.7,65.49
34.41,194.6,65.8
33.9,195.6,66.11
33.02,197.3,66.25
32.29,199.3,66.69
31.84,201.1,67.45
31.48,202.6,68.12
31.26,203.7,68.63
31.05,204.7,69.14
31.04,204.2,68.99
31.07,203.5,68.76
31.13,203.3,68.73
31.21,203.4,68.78
31.29,203.4,68.82
31.31,203.0,68.61
31.31,202.4,68.29
31.31,201.8,67.98
31.28,201.2,67.7
31.17,200.7,67.49
31.06,200.3,67.26
30.98,199.8,66.94
30.88,199.3,66.65
30.6,199.0,66.95
30.33,198.7,67.25
30.05,198.4,67.54
29.79,200.0,68.27
29.57,201.3,68.87
29.62,199.5,68.32
29.93,196.5,67.47
30.42,192.9,66.41
30.95,189.9,65.53
31.5,186.9,64.65
32.31,183.6,63.7
33.12,180.3,62.74
33.95,176.9,61.76
34.67,173.9,60.86
35.32,171.0,60.02
36.24,166.8,58.81
37.2,162.0,57.39
37.97,157.5,56.09
38.75,153.5,54.92
39.53,149.5,53.75
40.37,145.2,52.49
41.27,140.6,51.15
41.73,138.2,50.45
42.19,135.8,49.76
43.06,131.3,48.46
43.92,126.9,47.16
44.61,123.3,46.13
44.92,121.7,45.66
45.23,120.1,45.19
45.54,118.5,44.73
