smo2,THb
51.4390909090909,79.16818181818184
51.61333333333333,79.25333333333333
51.795,79.31099999999999
51.91090909090909,79.26363636363637
51.96111111111111,79.54222222222224
52.06700000000001,79.703
52.21454545454546,76.14090909090909
52.57777777777778,73.69222222222223
53.049,69.93299999999999
53.66272727272727,67.87636363636364
54.34111111111112,67.13555555555554
54.956,64.12199999999999
55.71636363636364,65.11727272727272
56.535555555555554,62.49222222222222
57.394000000000005,63.309000000000005
58.468181818181804,62.03727272727272
59.57777777777777,62.559999999999995
60.70899999999999,62.553
62.058181818181815,60.941818181818185
63.42555555555555,61.95333333333334
64.85199999999999,59.596
66.41818181818184,61.04545454545453
67.58555555555556,58.771111111111104
68.26700000000001,58.51500000000001
68.79100000000001,58.404999999999994
69.12,56.095000000000006
69.30199999999999,57.251
69.335,54.887
69.171,56.321000000000005
68.921,54.605
68.678,55.214
68.40899999999999,54.722
68.002,53.876
67.373,53.302
66.578,52.892
65.596,54.05
64.53899999999999,52.262
63.40500000000001,53.313
62.19199999999999,52.661
60.963999999999984,52.49399999999999
59.739999999999995,53.14699999999999
58.383,51.89
57.043000000000006,53.133
55.723,51.63099999999999
54.387,53.49400000000001
53.215999999999994,52.60699999999999
52.235,53.04599999999999
51.644000000000005,53.32000000000001
51.051,52.818
50.465,53.896
50.205,52.517
49.936,53.926
49.678,53.529
49.44100000000001,54.777
49.199,54.87199999999999
48.934999999999995,54.1
48.773,55.394000000000005
48.644,53.982000000000006
48.54,55.699
48.474,54.943000000000005
48.464,55.652
48.523,56.184000000000005
48.44799999999999,54.903
48.326,56.629000000000005
48.334999999999994,55.73
48.484,56.35799999999999
48.726,56.403000000000006
49.009,55.419
49.217,56.61999999999999
49.363,55.06999999999999
49.482,56.802
49.785,55.699
50.226,56.604
50.74999999999999,57.388
51.31699999999999,56.221999999999994
51.927,57.891000000000005
52.513,56.38099999999999
53.063,56.907
53.498000000000005,56.465
53.622,55.41700000000001
53.561,56.315
53.438,54.718999999999994
53.294,56.340999999999994
53.184000000000005,55.361
53.157,56.084999999999994
53.062,56.43300000000001
53.004,55.323
53.037,56.977999999999994
53.144000000000005,55.75
53.242,56.915
53.284000000000006,56.517999999999994
53.388,56.114999999999995
53.419999999999995,56.7
53.25699999999999,55.712
53.199,57.51800000000001
53.345000000000006,56.334
53.70700000000001,57.11800000000001
54.181,57.201
54.59499999999999,56.30799999999999
54.803,57.049
54.8,55.46
54.762,56.794999999999995
54.576,55.339
54.17999999999999,56.4
53.833000000000006,56.247
53.625,55.19200000000001
53.452,56.473
53.239,54.75699999999999
52.973,56.68800000000001
52.81999999999999,55.617999999999995
52.681999999999995,56.976
52.689,56.76300000000001
52.785,56.343999999999994
53.10600000000001,57.84499999999999
53.647000000000006,56.093
54.30200000000001,57.41
54.842,56.284000000000006
55.2,56.467
55.325,56.74400000000001
55.206,56.05800000000001
55.133,57.626999999999995
55.10600000000001,56.557
55.165,57.78099999999999
55.440999999999995,56.782999999999994
55.819,57.69200000000001
56.27399999999999,57.44100000000001
56.45399999999999,56.212
56.291999999999994,57.251999999999995
55.983,55.575
55.652,56.94
55.314,56.937
54.96100000000001,57.234
54.735,57.717
54.788181818181826,57.25272727272727
54.95888888888889,58.27333333333334
55.181,57.139
55.491,58.251999999999995
55.818,57.71900000000001
56.105,57.43499999999999
56.164,57.762
55.899,56.065999999999995
55.283,57.379
54.526,56.739
53.913,57.36
53.586,57.758
53.447,56.443000000000005
53.35600000000001,57.69500000000001
53.157999999999994,56.52
52.976,57.727999999999994
52.872,57.838
52.95399999999999,57.556999999999995
53.287,59.215
53.847,57.67399999999999
54.45799999999999,58.653
54.95899999999999,57.850999999999985
55.123000000000005,56.940999999999995
54.824,57.367
54.267999999999994,55.749
53.736,57.983
53.432,57.583000000000006
53.526,58.229000000000006
53.973,58.70899999999999
54.367,57.401
54.647000000000006,58.431
54.81400000000001,57.355
54.843,57.99499999999999
54.86,57.907
54.937,57.923
54.989999999999995,58.38399999999999
55.126999999999995,57.13199999999999
55.35799999999999,59.17100000000001
55.64399999999999,58.03499999999999
55.927,58.225
56.065,58.289
56.037,57.31700000000001
55.884,58.374
55.6,57.23900000000001
55.263,58.349
54.96,58.16199999999999
54.759,57.991
54.741,58.80499999999999
54.876,57.855
55.129999999999995,59.251
55.462,58.136
55.789,58.982000000000006
55.888,57.649
55.693,58.29100000000001
55.331,58.346
54.908,57.986
54.65999999999999,59.42499999999999
54.738,57.78499999999999
54.84599999999999,59.017
54.94499999999999,58.223
54.977999999999994,59.147000000000006
55.014,58.68000000000001
55.05,58.413
55.086,59.056999999999995
55.153,57.19599999999999
55.156000000000006,59.39300000000001
54.95700000000001,57.835
54.67600000000001,59.53900000000001
54.476,58.876999999999995
54.404,58.989
54.477,59.498000000000005
54.723,58.13099999999999
55.04699999999999,59.521
55.19199999999999,58.294999999999995
55.084,59.402
54.81700000000001,58.586
54.64,58.970000000000006
54.69,59.260000000000005
54.883,58.274
55.188,59.745000000000005
55.536,57.971
55.879999999999995,59.287
56.04200000000001,58.309000000000005
55.95399999999999,58.843
55.763,59.245000000000005
55.666999999999994,58.264
55.547,59.549
55.265,58.339
54.801,59.008
54.343999999999994,59.00699999999999
54.009,58.86
53.794,59.52
53.75599999999999,58.529999999999994
53.976,60.925
54.501,59.75600000000001
55.126999999999995,60.330000000000005
55.65,60.477999999999994
55.936,58.995999999999995
55.823,60.51500000000001
55.468,59.132000000000005
55.105999999999995,60.617
54.874,60.464
54.839,60.31
54.943,60.586
55.15,58.914
55.325,60.213
55.32090909090909,59.16909090909091
55.28111111111112,60.67111111111111
55.29299999999999,60.874
55.449,59.870000000000005
55.83800000000001,61.17100000000001
56.324,59.779999999999994
56.720909090909096,60.49636363636363
56.87777777777777,59.93666666666666
56.749,59.80999999999999
56.504,60.899
56.284000000000006,59.889
56.208000000000006,61.263
56.24727272727272,60.33090909090909
56.45444444444444,61.32555555555556
56.742,60.504
57.003,59.189
57.041,60.451
56.766,58.96500000000001
56.318000000000005,60.77399999999999
56.027,59.58299999999999
55.988,60.588
56.15545454545454,60.02727272727272
56.47555555555556,60.45777777777778
56.776,60.343999999999994
57.00090909090908,59.16363636363636
56.962222222222216,59.943333333333335
56.747,59.23199999999999
56.51818181818182,60.370000000000005
56.37666666666666,59.99333333333334
56.307,59.269000000000005
56.364999999999995,60.569
56.428,58.970000000000006
56.431999999999995,60.384
56.467,59.553999999999995
56.492,60.08200000000001
56.718,60.26800000000001
56.97400000000001,59.45799999999999
57.251999999999995,60.748000000000005
57.48,59.532
57.598,60.758
57.654,60.453
57.669999999999995,59.809000000000005
57.711818181818174,60.723636363636366
57.797777777777775,59.763333333333335
57.75500000000001,61.234
57.589,59.828
57.383,60.82000000000001
56.985,60.553999999999995
56.504999999999995,60.154999999999994
56.14300000000001,61.09400000000001
55.96,59.760000000000005
56.034000000000006,61.374
56.189,59.935
56.38399999999999,60.745000000000005
56.56727272727273,60.345454545454544
56.812222222222225,60.96444444444444
57.084,61.31299999999999
57.33181818181817,60.16272727272727
57.52555555555555,61.18
57.681999999999995,60.116
57.602727272727265,61.290000000000006
57.35666666666667,61.12111111111111
56.987,60.711
56.51700000000001,61.673
56.13100000000001,60.326
55.75,62.034000000000006
55.602999999999994,60.987
55.775,62.242999999999995
56.09400000000001,61.777
56.596,61.641
57.21900000000001,62.02
57.74399999999999,60.051
57.89300000000001,61.54299999999999
57.681,60.157
57.32299999999999,61.164
56.89,60.919
56.483,60.895999999999994
56.123000000000005,61.78499999999999
55.846,60.16799999999999
55.61400000000001,61.837
55.571000000000005,60.507000000000005
55.852,61.653000000000006
56.30899999999999,61.42099999999999
56.58299999999999,61.004999999999995
56.751,62.06600000000001
56.891,60.186
56.959,61.785
57.033,61.00599999999999
57.18299999999999,61.895
57.48599999999999,62.142
57.887,61.217
58.335,62.727
58.793000000000006,61.158
59.2,61.86099999999999
59.468,61.142999999999994
59.451,61.10200000000001
59.218181818181826,60.90272727272727
58.89555555555556,61.25777777777778
58.641000000000005,62.58399999999999
58.551,60.952
58.568000000000005,62.80999999999999
58.74000000000001,61.26400000000001
58.96363636363637,62.34363636363637
59.00222222222222,61.65111111111111
58.713,60.848
58.088,62.29600000000001
57.448,60.826
56.824,62.523
56.372,62.08200000000001
56.19200000000001,62.86500000000001
56.17999999999999,63.011
56.302,62.041999999999994
56.508,63.229
56.611,61.57000000000001
56.463,62.45399999999999
56.201,62.17999999999999
55.975,61.807
55.69900000000001,62.80499999999999
55.40899999999999,61.33399999999999
55.30800000000001,62.771
55.397000000000006,61.845000000000006
55.625,62.394000000000005
55.884,62.48
55.992,61.57199999999999
56.185,63.33
56.330000000000005,61.985
56.395999999999994,62.95000000000001
56.60727272727272,62.08181818181819
56.82111111111111,62.233333333333334
56.925,62.928999999999995
56.89000000000001,61.173
56.67454545454546,62.82545454545454
56.31333333333333,61.830000000000005
55.871,61.448
55.36181818181819,62.03545454545454
55.035555555555554,61.196666666666665
54.925,63.111
54.99272727272728,61.897272727272735
55.25555555555555,62.89666666666666
55.575,62.526
55.889090909090896,62.41363636363637
56.117777777777775,63.12222222222223
56.184000000000005,61.09
55.93090909090909,63.09727272727272
55.56888888888889,61.662222222222226
55.217,62.507000000000005
54.70636363636363,62.029090909090904
54.35222222222222,62.43555555555555
54.17100000000001,63.089
54.011,61.718999999999994
53.92199999999999,62.78499999999999
53.937,62.08200000000001
54.02,62.82727272727273
54.184444444444445,62.92555555555555
54.372,62.509
54.64727272727273,63.21545454545456
54.83666666666667,61.78444444444445
55.09,63.196000000000005
55.39636363636364,61.28999999999999
55.577777777777776,63.02666666666667
55.634,62.279999999999994
55.66727272727273,62.59000000000001
55.803333333333335,62.51777777777777
55.947,61.24799999999999
56.078,62.711
56.267999999999994,61.354
56.467000000000006,63.13100000000001
56.72363636363636,61.55818181818183
57.18555555555555,62.6888888888889
57.71199999999999,62.14000000000001
58.11272727272728,61.87727272727273
58.26555555555555,62.26444444444444
58.17,61.517
57.91727272727272,63.35818181818181
57.669999999999995,61.9011111111111
57.57000000000001,63.854
57.641818181818174,62.448181818181816
57.79100000000001,63.412
57.92333333333334,62.97222222222222
58.00545454545454,62.781818181818174
58.049,63.67900000000001
58.08888888888888,63.96111111111111
58.05454545454545,65.22000000000001
58.03888888888889,64.06666666666666
57.987,65.46600000000001
57.788181818181826,63.95454545454545
57.58444444444444,64.86333333333333
57.342,64.258
57.092727272727274,64.02363636363636
56.90555555555555,64.94888888888889
57.014,63.598
57.33454545454546,65.25
57.57888888888889,63.16888888888889
57.63099999999999,64.11
57.29545454545455,63.22090909090909
56.77111111111111,63.89333333333333
56.31699999999999,64.396
56.108181818181826,62.853636363636376
56.153333333333336,63.82111111111111
56.278,62.951
56.29545454545455,64.02181818181818
56.21666666666667,63.17666666666667
56.101,63.152
55.85363636363636,63.67181818181818
55.777777777777786,63.388888888888886
55.823,64.416
55.9109090909091,62.91727272727272
55.94222222222223,63.65444444444445
55.923,63.24400000000001
56.02363636363636,64.22545454545455
56.22444444444445,64.14333333333333
56.485,64.242
56.82545454545455,64.71272727272729
57.16555555555556,64.03999999999999
57.427,65.402
57.594545454545454,63.794545454545464
57.63111111111112,65.24777777777777
57.593,64.76899999999999
57.48818181818183,65.33727272727273
57.4388888888889,64.69444444444444
57.413,64.147
57.18727272727272,64.46909090909091
56.862,65.09200000000001
56.7,65.48333333333333
56.73727272727272,64.71181818181817
56.86899999999999,66.205
57.11,64.71444444444444
57.356363636363625,65.41272727272727
57.455,64.38399999999999
57.28333333333333,65.37555555555555
56.9990909090909,65.47454545454545
57.010000000000005,65.672
57.266666666666666,66.12222222222222
57.52090909090909,64.64727272727274
57.60699999999999,66.13
57.40444444444445,64.15888888888888
57.01272727272727,65.62181818181817
56.62444444444444,64.84
56.424,65.271
56.596363636363634,65.70818181818181
56.997,65.10099999999998
57.31666666666667,65.59555555555556
57.4518181818182,64.50818181818182
57.38900000000001,65.49599999999998
57.18,63.617777777777775
56.85090909090909,65.53181818181818
56.68555555555556,64.90555555555555
56.852,65.32600000000001
57.19727272727273,65.2890909090909
57.473,65.87299999999999
57.49666666666667,65.34222222222222
57.32636363636364,64.57545454545455
57.08200000000001,65.624
56.93,64.17555555555556
57.057272727272725,66.1
57.203,64.216
57.25444444444444,65.29333333333335
57.221818181818186,64.45454545454545
57.150000000000006,65.00444444444446
57.098,64.83099999999999
57.25000000000001,64.3409090909091
57.388888888888886,65.39666666666668
57.504000000000005,64.371
57.76,66.66909090909091
58.1888888888889,64.54888888888888
58.48,65.815
58.558181818181815,64.72181818181818
58.41444444444445,65.73888888888888
58.085,65.34
57.61363636363637,65.2209090909091
57.34444444444445,65.68666666666667
57.413,64.896
57.532727272727264,65.71
57.444,64.95900000000002
57.18888888888888,66.16888888888889
56.83181818181819,65.60818181818182
56.621,67.141
56.75333333333333,66.57222222222222
57.00818181818182,67.29090909090907
57.27399999999999,66.384
57.486666666666665,66.20111111111112
57.40090909090909,66.82545454545453
57.125,66.216
56.87333333333333,67.35888888888888
56.84090909090909,66.92727272727272
56.965,68.682
56.96222222222223,66.77444444444444
56.90090909090909,67.44000000000001
56.788,66.614
56.73444444444445,67.79777777777777
56.73727272727273,67.68909090909091
56.839,67.475
57.080000000000005,68.37666666666667
57.33727272727272,67.07454545454544
57.46,68.14599999999999
57.41,66.21333333333332
57.405454545454546,68.87363636363636
57.493333333333325,68.05333333333334
57.53799999999999,68.042
57.57818181818183,67.99636363636364
57.5611111111111,68.12444444444445
57.512,69.00800000000001
57.43545454545454,67.87727272727273
57.403333333333336,68.72
57.419,67.589
57.31636363636364,69.48272727272727
57.14777777777778,67.91222222222223
57.11,69.59400000000001
57.34363636363637,68.67454545454545
57.603333333333325,69.32222222222222
57.6690909090909,67.95454545454545
57.59900000000001,68.898
57.58555555555555,68.35666666666667
57.5809090909091,67.71545454545455
57.611,68.28900000000002
57.75,67.60111111111111
57.93454545454545,69.66999999999999
58.038,68.063
58.03222222222222,69.09444444444445
57.94454545454544,67.8209090909091
57.89399999999999,69.07300000000001
57.84888888888889,68.49666666666667
57.67545454545455,67.92272727272727
57.498000000000005,68.33599999999998
57.48777777777778,67.72999999999999
57.647272727272735,69.95090909090908
57.86500000000001,68.36600000000001
58.13666666666667,69.31555555555556
58.30363636363636,68.29454545454546
58.157,69.273
57.93666666666666,68.88777777777779
57.85272727272727,68.18272727272728
57.887,68.987
57.913333333333334,68.05222222222223
58.08363636363637,69.72545454545455
58.386,67.325
58.51888888888888,68.87555555555556
58.42727272727273,68.15545454545453
58.184000000000005,68.894
57.97222222222222,68.72999999999999
57.7109090909091,68.02272727272727
57.465,68.49
57.46666666666667,67.94555555555556
57.75454545454545,69.59363636363636
58.037,68.28299999999999
58.17888888888888,69.18666666666667
58.20090909090909,68.34818181818181
58.354,70.57900000000002
58.58444444444444,69.01444444444445
58.72272727272728,69.66
58.69199999999999,68.729
58.67222222222222,69.57222222222222
58.58727272727273,68.86909090909091
58.29799999999999,69.25000000000001
58.02444444444445,69.4911111111111
57.82636363636364,68.39818181818181
57.63199999999999,69.25899999999999
57.49111111111111,67.6911111111111
57.4109090909091,69.97363636363637
57.27900000000001,68.295
57.12444444444444,69.12444444444445
56.79727272727273,68.51818181818182
56.523,70.013
56.34222222222222,68.48
56.126363636363635,69.44
55.903,68.49199999999999
55.68333333333333,69.08666666666666
55.58272727272727,69.56272727272727
55.58,68.94200000000001
55.782222222222224,70.2188888888889
56.14545454545455,68.92818181818181
56.52,69.87599999999999
56.855555555555554,68.09
57.11909090909091,69.56090909090909
57.137,68.396
57.062,69.80199999999999
56.857000000000006,68.24600000000001
56.548,69.54799999999999
56.431,69.67800000000001
56.721,69.44900000000001
57.141000000000005,69.265
57.39399999999999,68.066
57.523,69.167
57.779999999999994,68.16799999999999
57.98,69.774
58.044999999999995,67.94200000000001
58.014,70.095
58.093,68.68
58.26111111111111,70.3677777777778
58.42727272727272,70.63272727272728
58.601,69.85800000000002
58.638,69.628
58.45799999999999,68.443
58.027,69.45700000000001
57.595000000000006,68.269
57.51700000000001,70.434
57.673,68.381
57.81700000000001,69.778
57.79,68.59299999999999
57.754,69.69
57.773,70.15700000000001
57.872,70.06700000000001
57.63777777777778,70.8711111111111
57.07727272727273,69.74545454545456
56.54600000000001,72.025
56.27777777777778,69.85333333333334
56.03454545454545,71.72000000000001
55.924,71.125
55.903333333333336,72.44666666666666
55.85181818181818,71.7209090909091
55.953,71.941
56.06,71.97777777777779
56.07454545454545,70.60818181818183
55.963,71.57
55.77444444444444,70.19999999999999
55.57454545454545,72.2790909090909
55.524,69.63
55.47333333333333,71.94555555555556
55.52818181818182,70.62272727272726
55.614,71.95899999999999
55.638888888888886,72.00222222222222
55.82818181818182,70.59545454545454
56.209,70.885
56.355555555555554,69.47555555555554
56.44818181818182,71.88727272727272
56.625,70.345
56.7988888888889,71.78222222222223
56.93454545454545,70.49272727272727
57.07000000000001,71.51400000000001
57.06222222222223,70.33111111111111
56.7509090909091,70.48636363636363
56.465999999999994,71.38499999999999
56.39666666666666,70.70222222222223
56.399090909090894,71.30272727272727
56.54299999999999,70.67699999999999
56.77666666666667,72.04555555555555
56.79909090909091,70.11
56.503,72.403
56.03111111111112,70.97333333333333
55.53727272727272,72.11090909090909
55.151,71.192
54.95222222222222,72.64444444444445
54.91181818181818,71.26818181818182
54.92888888888889,72.0311111111111
55.126999999999995,73.01500000000001
55.528,71.574
55.91090909090909,72.51545454545455
56.05777777777777,71.28444444444445
56.068000000000005,73.06000000000002
55.96181818181819,71.03818181818183
55.73444444444445,71.9877777777778
55.503,71.92999999999999
55.26363636363636,73.88000000000001
55.120000000000005,72.51666666666665
55.107000000000006,72.857
55.00909090909092,72.07272727272726
54.79888888888889,72.45888888888891
54.54363636363637,73.07909090909091
54.487,73.228
54.43111111111111,73.73888888888888
54.26545454545454,72.0690909090909
54.044,73.424
53.87444444444444,71.72111111111111
53.96272727272728,73.95363636363635
54.193,71.33200000000001
54.396,73.072
54.67,71.85600000000001
55.03888888888888,73.30000000000001
55.314,73.085
55.455000000000005,71.35900000000001
55.482000000000006,73.52799999999999
55.642999999999994,72.613
55.718,74.38300000000001
55.71545454545456,72.68272727272728
55.654,73.452
55.58666666666667,71.49333333333334
55.491,72.62000000000002
55.35545454545456,72.43909090909091
55.256666666666675,73.52222222222223
55.18111111111111,73.69222222222223
55.28583333333333,72.21
55.55333333333334,73.85555555555555
55.88727272727272,72.66545454545454
56.156000000000006,74.062
56.27666666666667,72.48666666666666
56.22090909090909,74.55818181818182
56.016,72.58000000000001
55.742222222222225,73.58999999999999
55.38545454545454,72.91000000000001
55.133,74.231
54.93666666666667,73.89444444444445
54.74818181818182,72.73181818181818
54.65500000000001,72.691
54.59,71.21222222222224
54.38818181818183,73.58727272727272
54.16600000000001,71.804
54.32222222222222,73.24888888888889
54.67454545454545,71.66090909090909
54.93000000000001,72.0
55.034444444444446,72.58555555555556
55.09181818181819,71.90363636363637
55.01500000000001,72.747
54.93,71.59333333333333
54.856363636363646,72.92000000000002
54.907999999999994,70.679
54.992222222222225,72.56555555555556
54.93727272727272,71.00545454545455
54.79600000000001,71.645
54.52333333333333,72.36888888888888
54.308181818181815,70.66727272727272
54.017999999999994,72.35400000000001
53.86333333333333,70.06555555555556
53.845454545454544,72.15454545454544
53.935,71.29
54.06777777777778,72.52888888888889
54.36545454545455,71.42818181818183
54.709999999999994,72.20599999999999
54.99699999999999,72.266
55.218,71.55699999999999
55.340999999999994,73.41400000000002
55.63333333333333,71.20777777777776
56.06818181818182,73.03727272727274
56.326,71.592
56.29222222222222,73.15222222222222
56.06636363636364,72.43909090909091
55.919999999999995,72.06333333333333
55.66600000000001,72.95000000000002
55.38363636363636,71.2090909090909
55.22099999999999,72.83200000000001
55.06333333333333,70.92444444444446
54.97363636363638,73.49090909090908
54.995999999999995,72.09700000000001
55.15111111111111,73.33666666666666
55.393636363636354,73.35727272727273
55.726,72.596
56.00333333333333,73.37888888888888
56.290909090909096,71.41090909090909
56.39799999999999,73.588
56.46,71.40333333333334
56.45454545454545,73.62727272727274
56.403,72.84599999999999
56.315555555555555,73.05333333333334
56.08181818181818,73.0909090909091
55.762,72.979
55.50333333333334,74.77444444444446
55.526363636363634,72.86545454545455
55.736,74.761
55.897777777777776,72.28777777777776
55.89727272727273,73.98
55.693000000000005,73.011
55.52,74.21222222222224
55.58454545454545,75.32909090909091
55.735,75.0
55.92888888888889,75.82777777777778
56.095454545454544,74.69999999999999
56.221999999999994,76.327
56.32700000000001,73.453
56.26800000000001,75.62699999999998
56.14,74.312
55.90400000000001,75.412
55.674,75.608
55.748000000000005,74.455
56.078,75.45700000000001
56.49300000000001,73.37899999999999
56.852,75.91099999999999
56.99222222222222,74.59333333333333
56.844545454545454,74.96909090909091
56.589,74.60499999999999
56.49222222222222,74.25777777777778
56.63545454545454,75.23363636363636
56.864,73.559
57.09,74.55333333333334
57.18909090909092,72.79454545454546
57.097,74.90800000000002
56.87444444444444,74.16444444444443
56.64545454545455,74.0281818181818
56.489999999999995,75.33900000000001
56.413333333333334,74.48333333333333
56.301818181818184,76.40818181818182
55.998000000000005,74.276
55.668888888888894,75.69666666666667
55.51454545454545,74.69727272727273
55.56699999999999,75.71499999999999
55.669999999999995,75.1711111111111
55.8609090909091,74.22000000000001
56.033,75.62899999999999
56.26555555555555,73.56222222222223
56.53090909090909,76.35454545454544
56.637,73.89399999999998
56.60666666666666,76.54222222222224
56.54181818181817,75.8190909090909
56.601,77.16799999999999
56.651111111111106,77.0511111111111
56.65363636363636,75.80181818181819
56.760000000000005,76.854
56.96333333333334,75.24333333333333
57.25454545454546,77.92727272727274
57.541999999999994,74.965
57.657777777777774,77.32666666666667
57.60272727272727,76.39272727272727
57.315,77.475
57.010000000000005,77.7311111111111
56.75727272727273,76.58818181818182
56.697,77.93100000000001
56.85888888888889,75.71555555555557
57.063636363636355,77.97272727272727
57.21,74.572
57.16555555555556,76.96444444444442
57.029090909090904,76.35272727272728
56.977999999999994,76.522
57.064,77.004
57.206999999999994,74.91900000000001
57.3,76.533
57.217,73.655
57.092000000000006,76.771
57.032999999999994,75.369
57.015,76.86600000000001
57.072,77.05699999999999
57.14111111111111,75.52888888888889
57.282,78.30099999999999
57.48181818181819,76.49818181818182
57.58444444444444,78.55444444444444
57.57272727272727,77.39
57.45399999999999,77.64900000000002
57.16799999999999,76.612
56.81500000000001,75.85400000000001
56.520999999999994,76.898
56.24499999999999,75.071
56.125,77.00200000000001
56.203,74.763
56.367999999999995,76.36999999999999
56.489999999999995,74.899
56.534000000000006,76.93900000000001
56.620000000000005,77.118
56.669,76.40700000000001
56.64000000000001,77.009
56.485,74.929
56.21500000000001,76.831
55.997,75.04299999999999
55.730999999999995,76.86200000000001
55.585,74.13399999999999
55.613,76.147
55.73100000000001,74.458
55.968,75.397
56.293000000000006,76.09599999999999
56.765,75.611
57.031000000000006,76.244
56.962,74.88400000000001
56.70100000000001,77.30499999999999
56.556999999999995,75.834
56.535,78.881
56.416999999999994,76.03999999999999
56.267999999999994,77.531
56.117777777777775,77.05777777777777
55.971818181818186,77.08454545454546
55.98299999999999,75.25500000000001
56.010000000000005,76.466
56.111,76.527
56.239999999999995,76.083
56.251,77.014
56.3,75.62200000000001
56.370999999999995,78.047
56.40599999999999,75.955
56.309000000000005,79.208
56.181,77.35400000000001
56.21,78.36600000000001
56.284000000000006,76.127
56.313,76.55799999999999
56.437,76.55499999999999
56.53000000000001,76.171
56.575,78.205
56.642999999999994,76.288
56.727999999999994,77.95000000000002
56.831,76.186
56.794,77.625
56.637,76.237
56.38100000000001,77.21099999999998
56.251999999999995,77.425
56.395,76.35799999999999
56.74100000000001,78.111
57.078,76.368
57.272000000000006,79.051
57.427,76.52099999999999
57.55400000000001,78.667
57.663,77.09
57.77666666666667,78.48666666666666
57.970000000000006,79.48499999999999
58.13818181818181,77.97818181818182
57.998000000000005,78.971
57.605,77.092
57.239999999999995,78.23499999999999
56.947,75.248
56.658,77.85800000000002
56.375,76.221
56.138,77.83999999999999
55.93399999999999,77.01599999999999
55.95,76.417
55.999,77.12
56.087,76.02799999999999
56.206999999999994,77.918
56.403,76.11699999999999
56.69200000000001,78.75999999999999
56.956,76.905
57.102999999999994,78.979
57.194,78.422
57.346999999999994,78.297
57.477999999999994,78.24000000000001
57.402,76.948
57.345000000000006,78.481
57.4,76.002
57.489,79.51599999999999
57.483,77.029
57.44799999999999,78.326
57.464,76.63000000000001
57.564,76.62799999999999
57.613,77.539
57.612,75.897
57.5488888888889,77.71333333333332
57.4990909090909,76.69636363636363
57.569,79.316
57.86500000000001,77.74699999999999
58.246,79.27599999999998
58.471,78.16499999999999
58.453,78.546
58.382000000000005,79.125
58.32399999999999,77.95
58.23600000000001,79.97299999999998
58.178,78.416
57.98,80.561
57.669,76.76899999999999
57.394000000000005,79.28300000000002
57.30800000000001,77.71400000000001
57.363,79.569
57.43399999999999,78.675
57.545,78.876
57.604,79.66499999999999
57.71,78.653
57.827,80.676
57.825,78.17699999999999
57.57900000000001,80.40700000000001
57.407,77.60600000000001
57.40999999999999,80.116
57.48,78.761
57.60999999999999,79.518
57.783,77.94200000000001
57.919,80.12
58.01700000000001,79.971
58.063,79.54599999999999
57.944,79.901
57.642999999999994,78.096
57.352999999999994,80.732
57.205,77.232
57.178999999999995,80.81899999999999
57.05999999999999,78.54100000000001
57.101,79.98400000000001
57.267999999999994,78.25099999999999
57.645,80.332
58.081,78.163
58.407999999999994,80.023
58.612,78.57300000000001
58.578,78.642
58.343999999999994,78.364
58.13800000000001,79.73700000000001
58.029,79.679
58.00699999999999,78.909
57.958000000000006,80.04
58.07299999999999,79.301
58.19999999999999,80.172
58.023,77.464
57.539,79.436
56.793000000000006,77.24199999999999
56.145,80.38500000000002
55.77700000000001,79.08
55.713,80.489
55.782,80.181
55.75600000000001,79.57700000000001
55.753,79.84700000000001
55.830000000000005,78.748
56.014,81.41900000000001
56.323,79.549
56.608999999999995,81.85499999999999
56.88666666666667,78.93333333333334
57.10090909090909,81.23818181818183
57.358999999999995,80.449
57.72800000000001,81.79100000000001
57.882000000000005,81.513
57.84499999999999,81.119
57.681999999999995,81.66300000000001
57.626,80.857
57.689,83.455
57.952,81.239
58.38099999999999,82.465
58.676,79.01400000000001
58.736,81.19399999999999
58.646,78.662
58.36600000000001,80.05600000000001
58.04600000000001,80.392
57.86800000000001,80.2
57.705,80.854
57.611,78.72100000000002
57.624,81.037
57.823,78.719
58.069,81.62000000000002
58.17,79.244
58.27700000000001,81.50200000000001
58.387,81.49100000000001
58.395,80.92100000000002
58.383,82.18999999999998
58.33599999999999,79.36699999999999
58.14,81.27799999999999
57.99400000000001,79.344
57.874,82.19
57.95,79.01400000000001
58.22666666666666,82.87555555555556
58.47909090909092,80.21272727272726
58.50600000000001,81.408
58.27,79.897
58.013,81.758
57.717000000000006,82.405
57.322,80.96700000000001
56.935,80.99
56.608,77.83399999999999
56.358,80.60000000000001
56.34400000000001,78.983
56.449,81.72599999999998
56.580000000000005,77.917
56.571000000000005,81.098
56.57899999999999,79.70000000000002
56.777,81.907
57.00500000000001,81.905
57.205,80.95500000000001
57.26800000000001,82.829
57.022000000000006,80.208
56.561,83.173
56.023,80.869
55.69500000000001,82.446
55.739,80.773
55.932,80.038
56.065,81.18199999999999
56.262,79.483
56.58,82.376
57.05,79.466
57.54,83.16900000000001
57.75599999999999,80.373
57.67999999999999,82.49399999999999
57.418000000000006,81.41699999999999
57.261,81.723
57.342,81.857
57.527,79.63399999999999
57.623000000000005,81.93100000000001
57.741,79.631
57.60600000000001,81.25699999999999
57.28099999999999,78.309
57.00599999999999,81.752
56.995000000000005,79.751
57.145,82.11200000000001
57.246,82.06300000000002
57.198,81.915
57.15,82.55199999999999
57.230999999999995,80.327
57.473,83.262
57.706,80.745
57.69500000000001,82.718
57.592000000000006,79.72400000000002
57.539,83.46300000000001
57.50500000000001,81.076
57.354,83.297
57.122,83.14099999999999
56.66,82.523
56.30500000000001,82.071
56.16799999999999,81.487
56.226,83.47200000000001
56.465,80.91400000000002
56.738,83.489
57.07899999999999,79.11099999999999
57.51700000000001,82.31800000000001
57.903,81.236
58.13444444444443,83.23999999999998
58.24272727272728,82.54454545454547
58.41,82.90200000000002
58.581,83.07400000000001
58.67499999999999,80.692
58.517999999999994,83.205
58.287,80.647
57.901,82.808
57.52599999999999,79.954
57.33300000000001,82.19
57.394000000000005,81.011
57.590999999999994,83.09400000000001
57.77700000000001,82.144
57.864999999999995,80.95700000000001
57.874,82.81700000000001
57.772000000000006,79.92599999999999
57.61600000000001,81.75000000000001
57.634,79.28299999999999
57.94199999999999,83.098
58.313,81.19300000000001
58.581,83.831
58.681,82.119
58.557,82.36699999999999
58.270999999999994,82.858
58.104000000000006,81.373
58.087,83.671
58.236,81.87299999999999
58.359,84.444
58.297,81.376
58.153000000000006,83.46200000000002
58.051,81.45700000000001
57.96600000000001,83.096
57.97999999999999,84.27333333333333
58.16000000000001,82.97727272727273
58.21299999999999,85.077
58.15,82.31400000000001
58.02,84.822
58.051,81.21199999999999
58.27900000000001,85.50699999999999
58.432,82.712
58.399000000000015,83.78299999999999
58.273,81.814
58.176,83.65700000000001
58.129,83.612
58.028,83.47
57.899,83.86500000000001
57.916999999999994,81.393
58.02599999999999,83.655
58.05300000000001,82.125
58.01800000000001,85.412
57.86999999999999,83.522
57.668000000000006,84.876
57.682,82.936
57.86800000000001,83.201
58.151,83.696
58.36900000000001,82.72900000000001
58.355999999999995,83.22
58.193000000000005,81.44900000000001
57.938,84.353
57.897000000000006,81.42
58.075,85.971
58.45200000000001,83.96600000000001
58.67299999999999,85.0
58.616666666666674,85.85444444444445
58.57636363636364,84.20181818181817
58.652,84.30299999999998
58.73299999999999,82.89
58.791999999999994,84.992
58.764,82.67699999999999
58.64333333333333,85.93555555555557
58.49,82.70818181818181
58.564,84.41799999999999
58.642999999999994,82.38199999999999
58.561,84.386
58.24499999999999,81.955
58.15999999999999,83.179
58.19,83.849
58.414,82.763
58.57600000000001,84.373
58.56699999999999,82.10900000000001
58.5,85.286
58.492999999999995,82.827
58.602,84.835
58.83399999999999,83.65099999999998
59.107000000000006,84.227
59.303333333333335,83.93555555555557
59.32818181818183,81.34727272727274
59.111,83.79299999999999
58.79299999999999,80.918
58.515,84.323
58.36400000000001,82.64500000000001
58.28699999999999,83.61800000000001
58.379,83.97999999999999
58.52777777777778,82.17666666666668
58.73545454545456,84.69545454545454
58.886,82.317
58.87444444444444,84.71111111111111
58.76909090909091,83.11363636363636
58.484,84.151
58.031000000000006,83.71900000000001
57.605999999999995,83.46499999999999
57.282999999999994,84.76700000000001
57.101,82.272
56.985,84.871
56.989999999999995,83.84
57.227777777777774,84.60111111111112
57.57800000000001,84.161
57.907,81.92899999999999
58.16909090909091,84.34727272727272
58.48111111111112,81.33666666666666
58.672,85.474
58.69799999999999,83.878
58.44909090909091,85.64181818181818
57.99444444444444,83.94777777777777
57.419999999999995,84.19700000000002
56.84363636363637,83.46181818181819
56.45666666666667,83.44555555555556
56.342,84.73200000000001
56.471818181818186,83.16
56.76222222222222,85.05000000000001
57.20899999999999,82.15200000000002
57.61999999999999,83.04599999999999
57.976,84.25399999999999
58.25545454545456,82.21363636363635
58.362,84.12100000000001
58.41,83.28555555555556
58.466363636363646,86.38636363636364
58.325,83.536
57.85555555555556,85.83333333333333
57.277,84.15400000000001
56.803636363636365,84.51636363636364
56.533,83.317
56.483333333333334,84.88333333333334
56.562727272727265,84.94363636363636
56.71666666666667,83.54444444444445
56.88099999999999,84.96600000000001
57.157,82.214
57.654,85.94399999999999
58.328,84.45900000000002
58.96636363636364,86.2781818181818
59.43300000000001,83.495
59.65555555555555,85.31777777777779
59.76636363636363,85.09363636363636
59.713,85.57199999999999
59.41300000000001,84.762
59.197,84.279
59.128,84.753
59.13222222222222,82.49777777777778
59.24545454545454,86.09363636363635
59.42999999999999,83.021
59.506666666666675,86.14222222222222
59.49399999999999,86.29100000000001
59.543636363636374,86.30454545454545
59.672,84.53200000000001
59.74000000000001,85.1422222222222
59.73909090909091,87.02181818181819
59.82555555555556,85.30000000000001
59.754999999999995,87.459
59.51999999999999,84.19
59.27555555555555,85.75999999999999
59.056,84.047
58.83909090909091,86.77636363636364
58.65555555555555,85.23777777777778
58.479000000000006,84.922
58.52272727272727,85.56272727272727
58.71555555555556,83.83555555555556
58.962,85.499
59.303636363636365,83.8372727272727
59.63666666666667,86.12666666666665
59.82363636363636,84.01545454545453
59.86,85.22777777777777
59.694,83.834
59.452,84.59200000000001
59.109,85.58300000000001
58.861,85.489
58.75600000000001,87.295
58.688,83.886
58.604000000000006,85.33800000000001
58.66909090909091,82.64454545454545
58.946666666666665,85.42444444444446
59.351,84.35499999999999
59.63999999999999,86.47909090909091
59.717,84.341
59.74222222222222,85.97666666666666
59.76363636363635,85.05181818181818
59.835,86.75500000000001
59.747,87.01399999999998
59.396666666666675,86.32
58.91363636363637,87.30818181818182
58.673333333333325,84.73777777777778
58.645,86.83300000000001
58.70636363636363,85.33727272727272
58.91444444444445,87.17444444444443
58.970909090909075,85.85818181818182
58.7988888888889,86.18333333333334
58.590999999999994,86.91600000000001
58.55,85.67454545454547
58.85111111111111,87.33777777777777
59.242,85.40800000000002
59.31,87.231
59.053999999999995,83.70599999999999
58.675,86.632
58.51899999999999,84.783
58.601,85.90899999999999
58.82099999999999,86.164
59.008,85.951
59.11818181818182,86.06727272727274
59.21333333333333,85.32444444444445
59.338,86.26899999999999
59.501,82.942
59.69100000000001,87.321
59.99909090909092,85.50272727272728
60.10555555555556,86.88222222222223
60.095000000000006,84.888
60.090999999999994,84.798
59.992999999999995,85.223
59.878,83.11699999999999
59.819,85.833
59.80272727272727,83.85545454545455
59.82666666666666,86.42444444444445
59.918000000000006,85.27
59.95100000000001,86.86800000000001
60.056999999999995,85.29500000000002
60.206999999999994,85.435
60.352999999999994,86.69399999999999
60.44199999999999,86.22099999999998
60.33909090909091,86.31727272727274
60.29222222222222,85.30444444444444
60.312727272727265,86.29545454545456
60.28111111111111,83.1588888888889
60.247,86.934
60.29909090909091,83.84818181818181
60.25999999999999,87.04777777777777
60.294,87.17999999999998
60.501,86.864
60.638,88.006
60.645,85.973
60.605,87.924
60.67181818181819,86.64818181818183
60.669999999999995,88.71700000000001
60.759,85.617
60.937,88.50699999999999
61.046666666666674,84.19666666666666
61.07000000000001,86.27799999999999
61.02181818181818,86.35909090909091
60.99888888888889,87.78888888888889
61.0,89.30799999999999
60.98090909090909,87.85090909090908
61.02444444444445,89.49555555555555
61.03818181818181,85.8009090909091
60.84,88.394
60.61999999999999,86.60222222222222
60.489,89.184
60.31727272727273,86.66818181818182
60.249,88.109
60.461,85.828
60.721,87.08599999999998
60.91444444444445,88.32111111111111
61.017999999999994,85.035
60.919,89.043
60.73363636363637,85.22636363636364
60.809999999999995,88.92000000000002
61.069999999999986,86.97
61.18111111111111,89.52444444444444
61.117272727272734,87.1581818181818
60.953,89.78
60.81777777777778,89.96444444444445
60.772000000000006,88.462
60.76454545454546,87.24545454545455
60.83444444444444,86.60111111111112
60.790000000000006,87.71272727272728
60.70222222222222,85.66222222222221
60.644000000000005,89.351
60.53545454545456,87.2709090909091
60.298,89.38199999999999
60.14111111111111,86.25
60.07818181818183,89.4809090909091
60.1,87.499
60.11,87.13666666666667
60.27199999999999,87.756
60.66181818181818,86.87999999999998
61.00555555555556,89.07333333333332
61.095000000000006,87.042
61.05545454545454,89.25090909090909
61.00100000000001,86.25399999999999
60.92111111111111,88.53333333333333
61.03272727272727,85.99727272727273
61.17666666666667,87.74888888888889
61.10600000000001,88.064
61.07,88.47909090909091
60.91777777777778,89.29222222222222
60.781000000000006,86.447
60.76300000000001,88.78799999999998
60.959090909090904,86.4290909090909
61.05555555555556,89.24222222222222
60.94454545454546,86.11181818181818
60.67700000000001,88.16499999999999
60.57555555555556,85.67
60.649999999999984,89.11
60.77000000000001,86.00333333333334
60.88099999999999,86.704
60.89999999999999,87.93300000000002
60.964,86.89099999999999
60.952,89.21400000000001
60.70727272727272,86.20272727272727
60.364444444444445,88.86666666666666
60.206,86.846
60.04363636363637,90.05090909090909
60.104444444444454,86.1511111111111
60.25909090909091,89.10181818181819
60.386999999999986,85.32700000000001
60.51555555555555,89.54111111111112
60.69100000000001,89.248
60.64000000000001,89.05090909090909
60.59111111111112,88.48555555555555
60.608,87.409
60.48181818181818,89.43
60.324,88.16
60.36777777777778,88.80333333333334
60.49727272727271,86.48818181818181
60.55,89.96333333333332
60.32000000000001,87.594
60.03199999999998,89.98400000000001
59.97272727272728,87.69999999999999
60.159000000000006,90.64
60.278000000000006,86.29499999999999
60.467,90.681
60.67222222222223,88.24222222222221
60.76454545454545,88.46000000000001
60.689,87.01500000000001
60.41111111111112,88.19444444444446
60.156000000000006,90.34
60.19818181818182,88.09181818181818
60.493333333333325,90.59222222222223
60.51818181818181,87.43363636363637
60.286,90.206
60.111111111111114,88.40444444444444
60.0909090909091,90.69454545454546
60.14699999999999,87.86600000000001
60.190000000000005,89.42111111111112
60.25545454545454,88.88363636363636
60.29,88.30600000000001
60.29666666666666,89.82999999999998
60.471818181818186,87.91090909090909
60.69199999999999,89.76100000000001
60.69444444444444,88.08666666666666
60.67454545454545,90.28909090909092
60.822,86.19200000000001
61.04555555555555,88.65333333333335
61.33181818181818,88.44999999999999
61.65599999999999,89.629
61.80555555555556,89.05555555555556
61.693636363636365,86.96363636363637
61.46111111111111,88.28777777777778
61.238000000000014,85.785
61.19000000000001,90.45545454545454
61.15200000000001,87.474
61.12444444444444,89.26777777777778
61.29454545454546,87.9709090909091
61.43599999999999,88.976
61.37222222222223,86.13666666666666
61.393636363636354,88.4
61.437,86.78400000000002
61.008,88.426
60.226,87.644
59.477999999999994,87.727
59.001,88.048
58.78099999999999,88.46600000000001
58.848,90.725
58.924,88.21600000000001
58.922,90.217
58.928,86.715
59.03333333333334,89.22555555555556
59.22636363636363,87.54181818181819
59.509000000000015,87.833
59.69,88.64200000000001
59.943,87.299
60.159000000000006,90.627
60.39,88.626
60.597,90.614
60.895999999999994,87.71900000000001
61.137,90.59600000000002
61.24699999999999,87.197
61.30200000000001,91.002
61.32,89.18555555555557
61.095454545454544,88.5190909090909
60.771111111111104,86.81555555555558
60.20818181818183,85.8009090909091
59.590999999999994,88.907
58.87700000000001,87.75999999999999
58.416666666666664,89.74333333333333
58.36818181818182,88.00636363636363
58.547,90.745
58.682,88.22099999999999
58.749,91.16800000000002
58.645,89.226
58.43444444444444,90.61555555555556
58.28272727272727,88.2690909090909
58.135000000000005,91.268
58.04,88.80199999999999
57.93699999999999,90.631
57.986666666666665,89.37
58.07454545454546,87.83545454545455
58.073,90.095
58.152,87.42500000000001
58.287,90.211
58.547,87.562
58.548,89.629
58.321000000000005,88.138
58.085,90.388
58.105,88.684
58.285,88.41099999999999
58.599,88.862
58.798,87.368
59.03888888888889,90.47555555555556
59.29818181818182,88.62636363636362
59.46888888888889,89.40666666666667
59.67,87.17818181818181
59.95799999999999,90.251
60.199,88.552
60.51099999999999,90.233
60.802,88.94
60.766666666666666,87.55
60.458000000000006,89.85599999999998
60.32090909090909,88.57909090909092
60.249,90.544
60.21900000000001,88.38300000000001
60.178,90.248
60.202222222222225,87.51555555555557
60.23363636363637,91.1581818181818
60.277,89.96400000000001
60.254,90.974
60.27,90.33777777777776
60.29909090909091,89.28818181818183
60.31600000000001,89.518
60.354,89.02499999999999
60.517,92.262
60.75500000000001,89.479
60.92500000000001,91.284
60.923,88.095
60.687,90.381
60.374,89.014
60.07899999999999,90.36
59.84599999999999,91.223
59.75111111111111,90.19
59.78090909090909,91.90636363636364
60.001,88.48400000000001
60.274,90.264
60.489999999999995,86.74600000000001
60.665,90.364
60.90888888888888,89.9288888888889
61.27363636363636,90.07090909090908
61.585,90.199
61.642,89.047
61.48100000000001,90.644
61.048,88.633
60.593,91.52
60.51800000000001,88.026
60.71400000000001,90.772
60.944,88.386
61.176,90.303
61.258,89.595
61.114999999999995,89.55199999999999
60.912,90.95700000000002
60.836,88.375
60.830000000000005,90.07999999999998
60.95,88.41818181818182
61.238,91.32
61.602,89.078
61.925,90.441
62.395,90.863
62.784000000000006,89.954
62.887000000000015,90.626
62.604000000000006,87.926
62.370000000000005,90.617
62.37199999999999,88.58599999999998
62.489999999999995,92.307
62.605,88.434
62.677,90.963
62.761,89.31899999999999
62.72555555555555,91.40666666666668
62.6109090909091,91.68909090909092
62.528000000000006,90.483
62.512,91.058
62.544,88.36
62.545,91.449
62.30222222222223,89.34
61.895454545454534,90.7081818181818
61.726,87.6
61.71900000000001,91.961
61.70333333333334,88.92888888888888
61.67888888888889,88.43
61.57166666666666,89.3575
61.42900000000001,91.216
61.272222222222226,90.57
61.197,87.72200000000001
61.07999999999999,89.58454545454543
61.00222222222222,86.99777777777778
60.932,90.912
60.83,89.99000000000001
60.61899999999999,92.269
60.462222222222216,88.99444444444445
60.51272727272728,90.76818181818182
60.669,90.525
60.625,90.65
60.508,88.593
60.39666666666666,89.49000000000001
60.35272727272727,91.41545454545454
60.399,89.518
60.42499999999999,89.80499999999999
60.396666666666675,86.64
60.34636363636364,91.66909090909093
60.28888888888889,89.30666666666667
60.213,91.112
60.348181818181814,89.16999999999999
60.61,90.32777777777778
60.863000000000014,90.447
61.001,90.002
60.79545454545453,90.55090909090907
60.511,89.75500000000001
60.26222222222222,90.85222222222222
60.05500000000001,88.91
59.89090909090908,91.80090909090907
59.935,88.69999999999999
60.154,91.378
60.271,88.071
60.06555555555555,90.20777777777778
59.85090909090909,89.49363636363637
59.65000000000001,91.437
59.541999999999994,86.922
59.465999999999994,90.14
59.374,89.07400000000001
59.17777777777778,90.60222222222222
59.01899999999999,90.725
59.06363636363637,88.2790909090909
59.234444444444435,90.71333333333332
59.153636363636366,88.66181818181819
58.53555555555555,90.81444444444443
57.61727272727273,88.10636363636364
57.293000000000006,89.70700000000001
57.484,89.599
57.614444444444445,89.83888888888889
57.73818181818182,87.81636363636363
57.73777777777778,91.07777777777778
57.54100000000001,88.61800000000001
57.39909090909091,91.08363636363636
57.578,88.939
57.64,92.19
57.54454545454544,89.33363636363637
57.563,91.197
57.761,90.545
57.992,90.704
58.293000000000006,88.15299999999999
58.67222222222222,90.62111111111112
59.09,90.28
59.347,89.34100000000001
59.235,89.566
58.944,88.752
58.81199999999999,91.205
58.71111111111111,89.86111111111111
58.470000000000006,91.11363636363636
58.35,88.37
58.295,92.129
58.227999999999994,88.567
58.229,90.482
58.312,89.112
58.33900000000001,90.615
58.18900000000001,89.92
57.952222222222225,88.61222222222221
57.78636363636363,90.48272727272727
57.855,87.538
58.139,89.41499999999999
58.397000000000006,86.80799999999999
58.598,89.995
58.80999999999999,89.60500000000002
59.001999999999995,91.726
59.073,90.356
59.05800000000001,90.683
58.97300000000001,90.71
58.956,88.59400000000001
58.95,90.01333333333334
58.930000000000014,88.71363636363638
59.05300000000001,91.432
59.14,89.396
59.136,90.929
59.141,89.704
59.19,89.968
59.318,90.475
59.548,87.81800000000001
59.687,90.559
59.83999999999999,87.83399999999999
59.985,92.463
59.977,90.177
59.84,91.547
59.76777777777777,90.54777777777778
59.77090909090909,90.17454545454544
59.63000000000001,88.776
59.48555555555556,88.38555555555556
59.26818181818183,89.77454545454545
59.153000000000006,90.313
58.987,92.731
58.931,90.822
59.165,92.398
59.426666666666655,90.20555555555556
59.468,92.326
59.41909090909091,89.55000000000001
59.74300000000001,91.194
60.102999999999994,89.045
60.08222222222222,90.02000000000001
59.76727272727273,89.6690909090909
59.49400000000001,91.275
59.29,90.332
59.358999999999995,90.14
59.599,89.00800000000001
59.576,88.525
59.49000000000001,87.423
59.32000000000001,90.273
59.17599999999999,87.723
59.157,91.181
59.122,87.483
59.04299999999999,91.05
59.00699999999999,88.55499999999999
59.032,91.276
59.238,89.12800000000001
59.563,90.934
59.714,89.26599999999999
59.742999999999995,90.878
59.825,88.85
59.73299999999999,91.11499999999998
59.68900000000001,88.338
59.71600000000001,91.048
59.72500000000001,88.77000000000001
59.586,91.153
59.38399999999999,88.96000000000001
59.153000000000006,91.454
58.93444444444445,89.32111111111112
58.51363636363636,91.16454545454546
58.145555555555546,89.38
57.959999999999994,90.89181818181818
58.15000000000001,88.90900000000002
58.474,87.37899999999999
58.55500000000001,84.769
58.313333333333325,84.53
57.95181818181818,82.7781818181818
57.628,85.52399999999999
57.414,83.928
57.34600000000002,86.333
57.28899999999999,84.157
57.129999999999995,88.77799999999999
56.79899999999999,84.275
56.803999999999995,85.837
56.80666666666667,81.5911111111111
56.720909090909096,85.03272727272727
56.553,83.247
56.174,85.21900000000001
55.760000000000005,82.73777777777778
55.46636363636364,85.03454545454545
55.443333333333335,82.58333333333331
55.5,82.17699999999999
55.33818181818182,80.71272727272726
55.034444444444446,82.25333333333333
55.04600000000001,81.495
55.69727272727273,82.9709090909091
56.371111111111105,83.26
56.65599999999999,82.81700000000001
56.704545454545446,82.26181818181819
56.55800000000001,83.566
56.440000000000005,84.73777777777778
56.39181818181819,83.3281818181818
56.492222222222225,84.83222222222223
56.77818181818182,83.27181818181818
56.955,83.637
57.05111111111111,82.91333333333334
57.03000000000001,85.67699999999999
56.91090909090909,82.58818181818184
56.87555555555556,85.67888888888888
56.85909090909092,82.7481818181818
56.93599999999999,85.87100000000001
57.21111111111112,83.81777777777778
57.379090909090905,85.63909090909091
57.254,81.958
56.97888888888888,87.0122222222222
56.75818181818182,84.90181818181819
56.871,87.199
57.11333333333333,84.99777777777778
57.433636363636374,86.67727272727274
57.72800000000001,85.41600000000001
57.872,86.075
57.88199999999999,85.57300000000001
57.825,87.518
57.71111111111111,87.18222222222222
57.70818181818183,87.00545454545454
57.701999999999984,86.15400000000001
57.54777777777778,85.75222222222222
57.301818181818184,89.73636363636363
57.178999999999995,92.083
57.373000000000005,94.063
57.46099999999999,96.505
57.552,99.829
57.77333333333334,100.30222222222224
57.8,97.80181818181818
57.43000000000001,97.763
56.459,96.935
55.25500000000001,100.654
54.7,102.57333333333332
54.56699999999999,103.324
54.66272727272727,103.6309090909091
54.891,105.474
55.16333333333333,104.24888888888889
55.36000000000001,104.65363636363637
55.425,99.956
55.18333333333334,102.9388888888889
55.26,103.54454545454546
55.795,103.86999999999998
56.25333333333334,104.61555555555556
56.699090909090906,104.66454545454545
57.045,104.787
57.29555555555555,104.80666666666669
57.6,103.97454545454546
57.86200000000001,103.559
58.01111111111111,103.54666666666668
57.99727272727273,104.31727272727272
57.980999999999995,104.541
58.07222222222222,104.42222222222222
58.32454545454546,106.1181818181818
58.724,107.621
59.24555555555556,108.2811111111111
59.64363636363637,108.62636363636362
59.80400000000001,108.65500000000002
59.85222222222223,108.84222222222222
59.91727272727274,109.34545454545454
59.86800000000001,106.637
59.766666666666666,105.43111111111112
60.04363636363637,103.56727272727272
60.338,107.278
61.136,106.955
61.979,107.374
62.806,105.125
63.658888888888896,107.47
64.28454545454547,109.30090909090907
64.86,108.925
65.1611111111111,109.24555555555555
64.93636363636364,108.9090909090909
64.50800000000001,108.683
64.20333333333332,107.78777777777776
63.91272727272728,107.52181818181818
63.711,107.253
63.48222222222221,107.46222222222222
63.443636363636365,97.84818181818184
63.406000000000006,98.851
63.028888888888886,95.1277777777778
62.92090909090909,90.90272727272726
63.936,91.819
65.39222222222222,93.33888888888887
66.728,90.271
68.15090909090908,88.11909090909091
69.00555555555556,87.75666666666666
69.2609090909091,86.79727272727273
68.95400000000001,86.405
68.41666666666667,86.86
67.23181818181817,87.86636363636363
65.88300000000001,88.736
64.80666666666667,85.75666666666667
64.057,85.89099999999999
62.6890909090909,85.28636363636365
61.72555555555555,86.95222222222223
61.522000000000006,85.46000000000001
61.306,87.189
61.04100000000001,88.25
60.79909090909091,87.23545454545454
60.229,85.171
59.86222222222222,87.73555555555555
59.407272727272726,86.18
58.343,85.041
57.35666666666667,90.24777777777778
56.347,93.157
55.324,94.442
54.189,94.09
53.47545454545456,92.7081818181818
53.17777777777778,88.38000000000001
52.891,88.951
52.42999999999999,87.31090909090909
51.77111111111111,88.16666666666667
51.25636363636363,88.55727272727273
51.06555555555556,87.41777777777777
51.24363636363637,90.20636363636363
51.903333333333336,87.76555555555555
52.788181818181826,89.18454545454546
53.57000000000001,89.37888888888888
54.132000000000005,87.62
54.67,90.159
55.18,87.73
55.638888888888886,89.46777777777777
56.060909090909085,89.93
56.54333333333333,88.79666666666667
57.041999999999994,89.718
57.53727272727272,89.00454545454544
57.959,90.235
58.36222222222222,90.77111111111113
58.80545454545456,87.97454545454546
59.08888888888888,89.93444444444445
59.354,89.617
59.7,88.26363636363637
59.797777777777775,89.50999999999999
59.791,96.525
59.927,94.032
59.977999999999994,97.695
60.07899999999999,92.925
60.121818181818185,96.14
59.543333333333344,94.22666666666666
58.451,87.04799999999999
57.455000000000005,88.912
57.224545454545456,89.67181818181818
57.8,89.61444444444444
59.00818181818181,86.62454545454545
60.17555555555556,84.11555555555556
60.732000000000006,84.53999999999999
60.831999999999994,81.72
60.64000000000001,82.576
60.233,84.557
59.98909090909091,83.31636363636363
59.855,83.41900000000001
59.77555555555555,86.94888888888889
59.871,84.461
59.97272727272728,84.50454545454546
59.67777777777778,84.86888888888888
58.69499999999999,82.33600000000001
57.39399999999999,83.39399999999999
56.052,84.593
55.01272727272727,84.48
54.5,85.39777777777778
54.275,86.18700000000001
53.90090909090909,84.27727272727272
53.396666666666675,83.95555555555556
52.589,88.247
51.895,91.59
51.315999999999995,91.198
50.983,90.354
50.67399999999999,87.56300000000002
50.247,88.562
49.617,86.50200000000001
49.23727272727273,88.75363636363637
49.376666666666665,86.5111111111111
49.719,88.068
50.16727272727273,88.21909090909092
50.742,88.063
51.31777777777778,89.33444444444444
51.907272727272726,87.64454545454545
52.382222222222225,89.5
52.836,89.267
53.39727272727273,87.75545454545455
53.89333333333334,89.55777777777777
54.338,87.93900000000001
54.88545454545454,89.56636363636365
55.352222222222224,88.38333333333334
55.649,88.402
55.852727272727265,88.89636363636363
56.187,88.34
56.638888888888886,89.25222222222222
57.099090909090904,87.35090909090908
57.46666666666667,89.21777777777777
57.80800000000001,89.47299999999998
58.198181818181816,87.97363636363637
58.643333333333345,88.85000000000001
59.061,86.909
59.45363636363636,88.93909090909091
59.46900000000001,93.888
59.31333333333334,97.32333333333332
59.3590909090909,97.86727272727276
59.44555555555556,96.81777777777776
59.370999999999995,89.291
58.789,87.751
58.27,86.301
58.272000000000006,86.33500000000001
58.97545454545455,86.91727272727272
59.68777777777778,84.98222222222222
60.120000000000005,85.199
60.212727272727264,85.12636363636364
59.892222222222216,83.25666666666666
59.36099999999999,84.768
59.053999999999995,85.11999999999999
59.10699999999999,84.194
59.437,85.87899999999999
59.852727272727286,84.44909090909091
60.08444444444444,81.81888888888889
59.852999999999994,83.032
59.162,81.753
58.145999999999994,81.46600000000001
57.126,83.58099999999999
56.09818181818182,82.90818181818182
55.23,82.61666666666666
54.66,83.78299999999999
54.541,81.961
54.96545454545455,83.78545454545454
54.348888888888894,87.89333333333332
53.29799999999999,90.571
52.040000000000006,91.68099999999998
50.926,90.917
49.89818181818182,87.65545454545453
48.876666666666665,87.72333333333334
48.014,87.74300000000001
47.407,85.85300000000001
47.133,87.216
47.181,86.56700000000001
47.703,88.083
48.558,87.84
49.477999999999994,86.591
50.273,88.939
50.986999999999995,87.74199999999999
51.532,88.59799999999998
52.132727272727266,89.06363636363636
52.70777777777777,88.4388888888889
53.315999999999995,89.27099999999999
53.78899999999999,87.80000000000001
54.06199999999999,88.09199999999998
54.42099999999999,89.09
54.96,87.737
55.586,88.566
56.10699999999999,87.68299999999999
56.698181818181816,88.66454545454548
57.313333333333325,89.28666666666668
57.913,87.02799999999999
58.42100000000001,87.648
58.807,88.188
59.128,88.321
59.33599999999999,89.41900000000001
59.581,86.638
59.791999999999994,93.093
60.13999999999999,92.50454545454546
60.379999999999995,92.99111111111112
60.215999999999994,84.322
60.06727272727273,86.67454545454545
59.70222222222222,86.85222222222222
59.51700000000001,85.44200000000001
59.41099999999999,87.79599999999999
59.556,86.55300000000001
59.776,85.13300000000001
59.95636363636363,84.88363636363637
59.74888888888889,83.4211111111111
59.218,84.596
58.70090909090911,85.29545454545456
58.45111111111112,84.17444444444445
58.153,84.54099999999998
57.53272727272727,83.96363636363638
56.62222222222223,81.65222222222224
55.91700000000001,84.309
55.575,83.935
55.664,83.88
56.038,85.433
56.15363636363636,83.68818181818183
55.629999999999995,81.29444444444444
54.52199999999999,83.529
52.85909090909092,81.93727272727271
51.26,83.66555555555556
50.208,87.95000000000002
49.993,90.595
50.142,87.24199999999999
50.332,88.026
50.1,87.22888888888889
49.39363636363637,86.69454545454545
48.474,86.86699999999999
47.834,86.162
47.527,86.987
47.474,85.24600000000001
47.751000000000005,87.36699999999999
48.43,86.56799999999998
49.136,88.58200000000002
49.67636363636364,86.99363636363636
49.89333333333333,88.5411111111111
49.93111111111111,89.21000000000001
49.95833333333332,88.24916666666667
49.95777777777778,89.55888888888889
50.06699999999999,87.213
50.29545454545455,89.33090909090909
50.71,86.46222222222222
51.237,88.124
51.93363636363636,88.11818181818181
52.52777777777778,88.5011111111111
53.19500000000001,90.393
53.96818181818182,87.64636363636363
54.45666666666666,89.02555555555554
54.791999999999994,89.73100000000001
55.166999999999994,88.452
55.60699999999999,89.637
56.064,88.20100000000001
56.54,89.39
56.983999999999995,90.347
57.463,91.967
57.92100000000001,93.375
58.129999999999995,89.31899999999999
58.065,86.87899999999999
57.657,87.05300000000001
57.32899999999999,86.66
57.383,87.69800000000001
57.75090909090909,87.25727272727273
58.19777777777777,86.6288888888889
58.626,87.78200000000001
58.793000000000006,84.61600000000001
58.379000000000005,85.123
57.59100000000001,86.431
56.76500000000001,84.79
56.15,85.542
55.819,86.23700000000001
55.885000000000005,84.51499999999999
56.010000000000005,85.815
55.828,86.61399999999999
55.452,85.53299999999999
54.815999999999995,86.477
53.17,86.852
52.275,84.62100000000001
51.98599999999999,84.705
51.61,84.96900000000001
51.16545454545454,85.30272727272727
50.64555555555555,85.22666666666666
50.194,91.361
49.836,94.106
49.542,96.038
49.349,94.509
49.137,94.453
48.645,92.584
47.902,91.734
47.193,90.616
46.572,89.274
46.227,90.849
46.394000000000005,89.03
46.943,90.898
47.739999999999995,90.05499999999999
48.718,91.036
49.718,91.391
50.687,89.649
51.65,90.976
52.391,88.89599999999999
52.953,91.291
53.475,90.757
53.927,90.742
54.358,92.04099999999998
54.791999999999994,90.833
55.367,92.548
55.99300000000001,91.005
56.66,91.709
57.272000000000006,91.805
57.78900000000001,90.151
58.08,92.305
58.23499999999999,89.80499999999999
58.248000000000005,90.631
58.02454545454544,95.27272727272728
57.81222222222222,95.97111111111111
58.029999999999994,99.209
58.55,94.348
58.913,94.721
58.928999999999995,91.926
58.468,92.218
57.790000000000006,91.665
57.315,92.333
57.337,93.698
57.90599999999999,91.592
58.61899999999999,92.933
59.379999999999995,90.801
60.241,93.444
61.129,91.632
61.851,92.70900000000002
62.197,92.808
62.31700000000001,92.595
62.273,92.413
62.174,91.942
62.24399999999999,93.025
62.254000000000005,90.59
62.17,92.246
61.916,89.632
61.565999999999995,91.805
61.213,90.583
60.983,90.918
60.764,92.332
60.754,90.79999999999998
60.818,92.93800000000002
60.995000000000005,90.938
61.229000000000006,92.458
61.47500000000001,91.35099999999998
61.77,91.797
62.05499999999999,91.909
62.26400000000001,90.665
62.32700000000001,92.21
62.289,89.812
62.184000000000005,92.185
62.00699999999999,91.769
61.876,92.312
61.951,93.38
62.217000000000006,91.895
62.56699999999999,93.286
62.839,91.192
62.88199999999999,93.04
62.937,92.086
62.92999999999999,91.88
62.87700000000001,92.903
62.81199999999999,91.017
62.788,92.522
62.759,91.052
62.871,94.008
63.184000000000005,92.207
63.569,93.757
63.761,92.905
63.745999999999995,92.782
63.55099999999999,92.6
63.29600000000001,91.44
63.18499999999999,94.12300000000002
63.302,91.815
63.416999999999994,93.209
63.497,92.541
63.644000000000005,93.377
63.89399999999999,94.362
64.13900000000001,92.942
64.22900000000001,93.679
64.084,92.481
63.875,94.294
63.767,92.274
63.705000000000005,93.931
63.772000000000006,92.687
63.923,93.8
64.11699999999999,93.457
64.20800000000001,91.603
64.18900000000001,93.232
64.122,92.056
63.96,93.805
63.69100000000001,90.544
63.436,93.466
63.340999999999994,93.013
63.444,93.278
63.53099999999999,93.757
63.51700000000001,91.32
63.398,93.639
63.295,90.449
63.294999999999995,92.589
63.301,92.323
63.428,94.127
63.581999999999994,92.8
63.766000000000005,93.67600000000002
63.949,93.964
63.997,92.416
63.86899999999999,93.82
63.47800000000001,89.80199999999999
62.864,92.82
62.459,91.785
62.323000000000015,92.101
62.354,92.793
62.397000000000006,91.672
62.54,93.899
62.63000000000001,92.06799999999998
62.57500000000001,94.39
62.706999999999994,92.785
62.92100000000001,93.466
63.05300000000001,91.96
63.107000000000006,92.738
63.291,93.512
63.69500000000001,92.14
64.002,94.891
64.25800000000001,92.127
64.35600000000001,93.6
64.35100000000001,93.15
64.309,92.106
64.23200000000001,93.248
64.12100000000001,90.426
63.995000000000005,93.492
64.049,91.116
64.28299999999999,94.376
64.575,91.658
64.64000000000001,93.42
64.561,91.858
64.41599999999998,92.287
63.99499999999999,90.263
63.31400000000001,91.228
62.649,92.41400000000002
62.391,91.746
62.428999999999995,93.278
62.620999999999995,90.274
62.600999999999985,92.558
62.508,91.224
62.564,92.481
62.717,92.685
62.987,91.137
63.221999999999994,93.053
63.414,90.433
63.55800000000001,93.59799999999998
63.71400000000001,91.701
63.901,94.108
64.15299999999999,92.856
64.482,92.11
64.625,92.356
64.64,90.83
64.63499999999999,92.699
64.731,91.068
64.715,94.56199999999998
64.627,91.619
64.51000000000002,93.519
64.41499999999999,90.45
64.36222222222223,92.80111111111113
64.3809090909091,91.1781818181818
64.148,91.351
63.715,92.42
63.366,91.385
63.108,93.853
62.923,91.43800000000002
62.874,94.711
62.968,92.264
63.13000000000001,93.845
63.25999999999999,92.5
63.30999999999999,92.345
63.279,93.734
63.29200000000001,90.932
63.424,93.086
63.624,90.286
63.77700000000001,93.747
63.93799999999999,91.915
64.22,92.933
64.46599999999998,92.978
64.59400000000001,91.285
64.5788888888889,93.46777777777778
64.58999999999999,91.99636363636364
64.674,93.028
64.69333333333333,92.66
64.7009090909091,92.67818181818184
64.558,91.08599999999998
64.29,91.5911111111111
64.11727272727273,92.25
64.207,91.978
64.394,93.97100000000002
64.51299999999999,91.795
64.48400000000001,93.838
64.44800000000001,92.228
64.43699999999998,94.20700000000002
64.32600000000001,90.502
63.968999999999994,93.856
63.678999999999995,91.909
63.453,91.946
63.07111111111111,94.85444444444444
62.66818181818181,92.17363636363636
62.471,94.147
62.586666666666666,92.71666666666668
62.85545454545456,94.27
63.065999999999995,90.869
63.09000000000001,93.41
63.056,92.671
62.992999999999995,93.63899999999998
62.772000000000006,92.119
62.47444444444445,92.4
62.286,91.268
62.28733333333333,94.07266666666666
62.538181818181805,93.40272727272728
62.45399999999999,90.654
62.06,92.164
61.795,90.559
61.866,94.334
62.07777777777777,91.4688888888889
62.02181818181818,92.69545454545454
61.402,88.477
60.995000000000005,92.329
60.583000000000006,91.606
60.44,92.139
60.407777777777774,92.30555555555556
60.08636363636363,90.55363636363636
59.419,93.748
58.825,90.138
58.54699999999999,92.704
58.596,91.552
58.872,92.41299999999998
59.142999999999994,91.821
59.105,90.128
58.95399999999999,92.311
58.918000000000006,89.324
59.065999999999995,92.186
59.374,90.895
59.73199999999999,91.922
60.18399999999999,92.957
60.74400000000001,92.261
61.225,92.841
61.562,90.477
61.724,91.584
61.616,92.23266666666667
61.014,93.029
60.584,90.06300000000002
60.370000000000005,94.275
60.258,92.901
60.2,95.48
59.941052631578955,92.50736842105265
59.62800000000001,93.674
59.57199999999999,91.801
59.557,93.87
59.60000000000001,92.957
59.404999999999994,91.984
58.936,93.282
58.547,93.274
58.443,95.283
58.440999999999995,92.614
58.562,95.915
58.687,93.586
58.675,95.11
58.715,94.052
58.498000000000005,95.557
58.486,91.437
58.44599999999999,94.655
58.361,93.33599999999998
58.30799999999999,93.471
58.327,94.803
58.56600000000001,93.514
59.004,95.65
59.516,92.888
59.84777777777778,95.4577777777778
60.033636363636376,94.17636363636365
60.111,94.134
60.038,92.617
59.922,94.724
59.895,93.955
59.937,93.439
59.787,93.814
59.484,91.97400000000002
59.19500000000001,94.76
59.168000000000006,92.346
59.387,94.668
59.63099999999999,93.725
59.879,94.825
60.247,93.516
60.553999999999995,93.28799999999998
60.733,93.887
61.027,92.962
61.376,94.463
61.551,91.84
61.479,93.619
61.224,91.467
60.902,94.923
60.68299999999999,92.804
60.652,93.743
60.747,92.825
60.96,93.91
61.284000000000006,94.495
61.629,93.631
61.862999999999985,94.195
61.896,91.494
61.76400000000001,93.749
61.581,92.796
61.325,94.034
61.152,91.445
61.120000000000005,95.241
61.113,92.768
60.914,94.286
60.778,92.579
60.80100000000001,93.99
60.842,94.228
60.86900000000001,93.496
60.822,93.938
60.71400000000001,92.37300000000002
60.669,94.90099999999998
60.81699999999999,92.241
61.08299999999999,94.846
61.233,93.82699999999998
61.363,95.699
61.20700000000001,95.696
60.812,101.188
60.94500000000001,104.35
61.274,106.878
61.242,108.576
60.67555555555555,109.83111111111111
59.626363636363635,110.61545454545454
58.253,110.396
57.294,111.104
