skin_temperature,HeatStrainIndex,hrv
31.85,0.0,623:620
31.85,0.0,621
31.85,0.0,623:625
31.85,0.0,624:620
31.85,0.0,615:623
31.85,0.0,629
31.85,0.0,626:617
31.85,0.0,625
31.85,0.0,620:559
31.85,0.0,660:614
31.85,0.0,606
31.85,0.0,606:612
31.85,0.0,606
31.9,0.0,603:603
31.85,0.0,603:596
31.85,0.0,596
31.85,0.0,593:591
31.85,0.0,586:582
31.85,0.0,582
31.85,0.0,574:572
31.85,0.0,564:565
31.85,0.0,565:565
31.85,0.0,563:560
31.85,0.0,560:560
31.85,0.0,560
31.85,0.0,556:556
31.9,0.0,556:555
31.9,0.0,554:552
31.85,0.0,551:550
31.9,0.0,
31.85,0.0,550:551:549
31.85,0.0,550:549
31.85,0.0,547:546
31.85,0.0,546
31.85,0.0,541:544
31.85,0.0,540:541
31.85,0.0,541:542
31.85,0.0,536:540
31.85,0.0,537:535
31.85,0.0,532:529
31.85,0.0,535:537
31.9,0.0,536:537
31.85,0.0,536
31.85,0.0,535:532
31.85,0.0,532:532
31.85,0.0,535:533
31.85,0.0,533:529
31.85,0.0,531:532
31.85,0.0,533
31.85,0.0,532:528:528
31.85,0.0,532
31.85,0.0,531:528
31.9,0.0,527:527
31.9,0.0,529:529
31.9,0.0,527:524
31.85,0.0,526:527
31.85,0.0,526:524
31.85,0.0,524:524
31.85,0.0,521:517
31.85,0.0,515:519
31.9,0.0,521
31.9,0.0,524
31.9,0.0,526:527:526
31.9,0.0,523:523
31.85,0.0,524:526
31.85,0.0,524:521
31.85,0.0,523
31.85,0.0,1052:527
31.9,0.0,522:521
31.9,0.0,527:523
31.9,0.0,522
31.9,0.0,522:523:522
31.85,0.0,522:522
31.85,0.0,521
31.85,0.0,518:517
31.85,0.0,521:523
31.85,0.0,527:532
31.9,0.0,532:529
31.85,0.0,528:535
31.85,0.0,533:533
31.85,0.0,529
31.9,0.0,529:528
31.9,0.0,532:532
31.9,0.0,532:527
31.9,0.0,529:532
31.85,0.0,529:529
31.9,0.0,527:529
31.85,0.0,531:528
31.9,0.0,524:524
31.85,0.0,527:532
31.85,0.0,536:536
31.85,0.0,536
31.85,0.0,532:533
31.85,0.0,536:535
31.85,0.0,529:529
31.85,0.0,532:532
31.85,0.0,467:505
31.85,0.0,513:570
31.85,0.0,523
31.85,0.0,519:584
31.85,0.0,524:529
31.85,0.0,528:528
31.85,0.0,528:526
31.85,0.0,527:527
31.85,0.0,522:521
31.85,0.0,519:523
31.85,0.0,524:524
31.85,0.0,521:518
31.85,0.0,526:527
31.85,0.0,532
31.85,0.0,532:532
31.85,0.0,529:529
31.85,0.0,538:541
31.85,0.0,537:537
31.85,0.0,541:541
31.85,0.0,540
31.85,0.0,536:541
31.85,0.0,538:533
31.85,0.0,532:531
31.85,0.0,549:550
31.9,0.0,545:542
31.85,0.0,540:542
31.85,0.0,541:540
31.9,0.0,541
31.85,0.0,542:541
31.85,0.0,544:540
31.85,0.0,537:575
31.85,0.0,508:558
31.85,0.0,560:558
31.85,0.0,555
31.85,0.0,550:551
31.85,0.0,550:547
31.85,0.0,541:541
31.85,0.0,546
31.85,0.0,549:550
31.85,0.0,547:546
31.85,0.0,551:554
31.85,0.0,559:558
31.85,0.0,558:555
31.85,0.0,550:555
31.85,0.0,555
31.85,0.0,552:550
31.85,0.0,546:549
31.85,0.0,545:546
31.85,0.0,544:541
31.85,0.0,541
31.85,0.0,541:545
31.85,0.0,538:536
31.85,0.0,535
31.85,0.0,532:529:536
31.85,0.0,542:546
31.85,0.0,551
31.85,0.0,551:549:547
31.85,0.0,546
31.85,0.0,550:552
31.85,0.0,552:550
31.9,0.0,486:508
31.85,0.0,527:526
31.85,0.0,527:654
31.85,0.0,549
31.85,0.0,544:606
31.85,0.0,550:550
31.85,0.0,547
31.85,0.0,550:551
31.85,0.0,549:556
31.85,0.0,555:551
31.85,0.0,546:551
31.85,0.0,555
31.85,0.0,564:565:563
31.85,0.0,561
31.85,0.0,558:550
31.85,0.0,552:552
31.85,0.0,547:545
31.85,0.0,544:547
31.85,0.0,546
31.85,0.0,542:541
31.85,0.0,541:541
31.85,0.0,550:554
31.85,0.0,560:555
31.85,0.0,
31.85,0.0,1110:555
31.85,0.0,555:556
31.85,0.0,555:555
31.85,0.0,556
31.85,0.0,555:550:552
31.85,0.0,552
31.85,0.0,552:552
31.85,0.0,1077
31.85,0.0,542:541
31.85,0.0,538:540
31.85,0.0,535
31.85,0.0,535:538
31.85,0.0,537:540
31.85,0.0,538:540
31.85,0.0,537:533
31.85,0.0,538:541
31.85,0.0,549
31.85,0.0,555:555
31.85,0.0,551:547
31.85,0.0,546:554
31.85,0.0,555:554
31.85,0.0,549:546
31.85,0.0,542:550
31.85,0.0,554
31.85,0.0,554:551
31.85,0.0,555:555
31.85,0.0,552:552
31.85,0.0,558:555
31.85,0.0,555
31.85,0.0,556:551
31.85,0.0,547
31.9,0.0,550:558:560
31.85,0.0,564
31.85,0.0,560:561
31.85,0.0,563:556
31.9,0.0,559:560
31.9,0.0,495
31.85,0.0,497:532
31.85,0.0,1062:531
31.85,0.0,763
31.85,0.0,563:563
31.85,0.0,555:555
31.85,0.0,556
31.85,0.0,560:563
31.85,0.0,556:552
31.85,0.0,546:546
31.85,0.0,541:540
31.9,0.0,536:533
31.85,0.0,540
31.85,0.0,549:552
31.85,0.0,555:555
31.85,0.0,550:546
31.85,0.0,552:552
31.85,0.0,550
31.9,0.0,550:554
31.85,0.0,552:551
31.85,0.0,550:551
31.9,0.0,549:546
31.85,0.0,549:550
31.85,0.0,
31.85,0.0,1095:546
31.85,0.0,545:546
31.85,0.0,541:537
31.85,0.0,540:544
31.85,0.0,546:546
31.85,0.0,547
31.9,0.0,544:545
31.9,0.0,532:546
31.85,0.0,545
31.9,0.0,546:546
31.85,0.0,541:546:550
31.9,0.0,555:550
31.85,0.0,552
31.85,0.0,555:555
31.85,0.0,552:555
31.85,0.0,558:550
31.85,0.0,547:547
31.85,0.0,550
31.85,0.0,549:546
31.85,0.0,542:546
31.9,0.0,545:545
31.85,0.0,544
31.85,0.0,544:546
31.85,0.0,544:538
31.9,0.0,549:555
31.85,0.0,556:556
31.85,0.0,555:550
31.85,0.0,550:546
31.85,0.0,544:537
31.85,0.0,536
31.9,0.0,533:532
31.9,0.0,531:531
31.85,0.0,532:532
31.85,0.0,537:544
31.85,0.0,546:550
31.85,0.0,554
31.85,0.0,554:546
31.85,0.0,552:555
31.85,0.0,555:559
31.85,0.0,563
31.85,0.0,
31.85,0.0,1669:551
31.85,0.0,554
31.85,0.0,555:550:550
31.85,0.0,550:546
31.85,0.0,546:547
31.9,0.0,542
31.85,0.0,546:551
31.85,0.0,546:544
31.85,0.0,549:550
31.85,0.0,555:559
31.85,0.0,560
31.85,0.0,556:550
31.9,0.0,550:550
31.85,0.0,550:551
31.85,0.0,546
31.85,0.0,545
31.85,0.0,1095:546
31.85,0.0,542:541
31.9,0.0,541:544
31.9,0.0,546:555
31.9,0.0,554:552
31.85,0.0,556
31.9,0.0,558:554
31.9,0.0,547:550
31.85,0.0,547:549
31.85,0.0,481:483
31.85,0.0,521:521
31.85,0.0,521:521
31.85,0.0,219:545
31.85,0.0,546:547
31.85,0.0,544:546
31.85,0.0,547
31.85,0.0,550:549
31.85,0.0,545:546
31.85,0.0,550:547
31.85,0.0,542:541
31.85,0.0,542:544
31.85,0.0,547:551
31.85,0.0,547:549
31.85,0.0,547
31.85,0.0,546:544
31.85,0.0,546:546
31.85,0.0,546
31.85,0.0,1090:549
31.85,0.0,546
31.85,0.0,541:541
31.85,0.0,541:544
31.85,0.0,538:541
31.9,0.0,538:541
31.85,0.0,546:545
31.85,0.0,545
31.85,0.0,542:541:537
31.85,0.0,541
31.85,0.0,541:541
31.85,0.0,537:541
31.85,0.0,541:532
31.85,0.0,544:536
31.85,0.0,535:535
31.85,0.0,533
31.85,0.0,532:527
31.85,0.0,531:536
31.85,0.0,537:536
31.85,0.0,537
31.85,0.0,536:532:532
31.85,0.0,535
31.85,0.0,536:533
31.85,0.0,531:532
31.85,0.0,535:536
31.85,0.0,533:532
31.85,0.0,537:537
31.85,0.0,540:533
31.85,0.0,537:537
31.85,0.0,538:536
31.85,0.0,538
31.85,0.0,538:535
31.85,0.0,533:536
31.85,0.0,533:532
31.85,0.0,529:532
31.85,0.0,535
31.85,0.0,531:527
31.85,0.0,527:527
31.85,0.0,527:529
31.85,0.0,531:527
31.85,0.0,527:529
31.85,0.0,531:532
31.85,0.0,532:566
31.85,0.0,501:536
31.85,0.0,531:526
31.85,0.0,531:529
31.85,0.0,527:521
31.85,0.0,521:521
31.85,0.0,515
31.85,0.0,521:518
31.85,0.0,514
31.85,0.0,514:512:509
31.85,0.0,513:513
31.85,0.0,514:518
31.85,0.0,515:523
31.85,0.0,524:527
31.85,0.0,531:532
31.85,0.0,527:529
31.85,0.0,532:532
31.85,0.0,536:540
31.85,0.0,538
31.85,0.0,537:538
31.85,0.0,542:538
31.85,0.0,541:545
31.85,0.0,540:542
31.85,0.0,542
31.85,0.0,542:537
31.85,0.0,540:541
31.85,0.0,542:540
31.85,0.0,537:540
31.8,0.0,542:544
31.8,0.0,537
31.85,0.0,1078
31.85,0.0,535:544
31.85,0.0,538:537
31.85,0.0,535:532
31.85,0.0,531:532
31.85,0.0,528:532
31.85,0.0,529:532
31.85,0.0,528:531
31.85,0.0,533:533
31.8,0.0,532
31.85,0.0,532:533
31.85,0.0,536:538
31.85,0.0,532:535
31.85,0.0,535:535
31.85,0.0,535
31.85,0.0,532:532
31.85,0.0,535:536
31.8,0.0,540:540
31.85,0.0,533:537
31.85,0.0,538:540
31.85,0.0,537:536
31.85,0.0,538:537
31.8,0.0,536:537
31.8,0.0,537
31.8,0.0,538:532
31.8,0.0,535:537
31.8,0.0,537:535
31.8,0.0,532:532
31.85,0.0,537:540
31.85,0.0,540:538
31.85,0.0,537
31.85,0.0,528:537
31.8,0.0,532:537
31.8,0.0,531
31.8,0.0,1065:533
31.8,0.0,531:532
31.8,0.0,533:533
31.8,0.0,532:536
31.85,0.0,537:541
31.8,0.0,537
31.8,0.0,538:541
31.8,0.0,544
31.8,0.0,545
31.8,0.0,
31.8,0.0,2688:541
31.8,0.0,537
31.8,0.0,537:537
31.8,0.0,537:535
31.8,0.0,533:537
31.8,0.0,537:540
31.8,0.0,533:537
31.8,0.0,540:542
31.8,0.0,537:535
31.8,0.0,537
31.8,0.0,541:541
31.8,0.0,545:538
31.8,0.0,538:540
31.8,0.0,537:537
31.8,0.0,536:536
31.8,0.0,532
31.8,0.0,529:535
31.8,0.0,531:535
31.8,0.0,531:527
31.8,0.0,527:527
31.8,0.0,528:535
31.8,0.0,536
31.8,0.0,532:535
31.8,0.0,538:533
31.8,0.0,533:536:537
31.8,0.0,532
31.8,0.0,533:535
31.8,0.0,537:537
31.8,0.0,540
31.8,0.0,536:536
31.8,0.0,535:533:529
31.75,0.0,524
31.8,0.0,522:523
31.8,0.0,521:521
31.8,0.0,523:521
31.8,0.0,523:527
31.8,0.0,529:532
31.8,0.0,527:533
31.75,0.0,537:533
31.8,0.0,533
31.8,0.0,535:535:532
31.8,0.0,527:523
31.8,0.0,527
31.8,0.0,529:529
31.8,0.0,531:533
31.75,0.0,533:528
31.75,0.0,1060
31.8,0.0,535:527
31.8,0.0,528
31.8,0.0,528:533
31.8,0.0,533:529
31.8,0.0,533:535
31.75,0.0,537:532
31.8,0.0,532:536
31.8,0.0,536
31.8,0.0,532:535
31.8,0.0,538:531
31.75,0.0,533:532:537
31.75,0.0,541
31.75,0.0,541:537
31.75,0.0,536
31.75,0.0,1074:536
31.75,0.0,532:533
31.8,0.0,535:537
31.75,0.0,529:531
31.75,0.0,532
31.8,0.0,532:527
31.8,0.0,527:527
31.75,0.0,532:532
31.75,0.0,536:537
31.75,0.0,533:537
31.75,0.0,541
31.75,0.0,540:541
31.75,0.0,545:538
31.75,0.0,541:541
31.75,0.0,537:533
31.75,0.0,529:532
31.75,0.0,544:541
31.75,0.0,538:536
31.75,0.0,535
31.75,0.0,532:541
31.75,0.0,542:544
31.75,0.0,538:541
31.75,0.0,542:542
31.75,0.0,535:537
31.75,0.0,537
31.75,0.0,537:528
31.75,0.0,528:529
31.75,0.0,532:532
31.75,0.0,533:532
31.75,0.0,532:532
31.7,0.0,532:524
31.75,0.0,527:527
31.75,0.0,523:523
31.75,0.0,522:523
31.75,0.0,522:524
31.75,0.0,521
31.75,0.0,522:528
31.7,0.0,531:533
31.7,0.0,533
31.75,0.0,528:531:535
31.75,0.0,536:532
31.7,0.0,538
31.75,0.0,537:535
31.75,0.0,537
31.7,0.0,1078:533
31.75,0.0,537:536
31.7,0.0,538:537
31.7,0.0,533:536
31.7,0.0,533:535
31.75,0.0,536:537
31.7,0.0,536
31.75,0.0,540:537
31.75,0.0,541:541
31.7,0.0,538:532
31.7,0.0,538:538
31.7,0.0,537:537
31.75,0.0,538
31.7,0.0,535:535
31.7,0.0,537:532
31.7,0.0,529
31.75,0.0,1074:540
31.7,0.0,544:542
31.7,0.0,546
31.7,0.0,549:542:545
31.75,0.0,549
31.7,0.0,541:542
31.7,0.0,541:537
31.7,0.0,536:540
31.7,0.0,542:537
31.7,0.0,540
31.7,0.0,544:545
31.7,0.0,542:545
31.7,0.0,545:542
31.7,0.0,540:538
31.75,0.0,541:540
31.75,0.0,540
31.7,0.0,544:547
31.7,0.0,542:546
31.7,0.0,537:541
31.7,0.0,541:537
31.7,0.0,533:531
31.7,0.0,527:536
31.7,0.0,537:535
31.7,0.0,536:528
31.65,0.0,532
31.7,0.0,535:535
31.7,0.0,532:535
31.7,0.0,537:535
31.7,0.0,535:538
31.7,0.0,541:542
31.7,0.0,537:537
31.7,0.0,538
31.7,0.0,537:535
31.7,0.0,528:531
31.7,0.0,533:528
31.7,0.0,524:528
31.7,0.0,528:529
31.7,0.0,532:537
31.7,0.0,535:537
31.7,0.0,538:536
31.65,0.0,536
31.7,0.0,537:533
31.7,0.0,533:532
31.65,0.0,531:529
31.65,0.0,532:536
31.7,0.0,476:476
31.7,0.0,508:509
31.7,0.0,508:509
31.7,0.0,741
31.65,0.0,528:529
31.65,0.0,527:524
31.7,0.0,527:529
31.7,0.0,532:532
31.65,0.0,529:524
31.65,0.0,532:532
31.7,0.0,529:524
31.65,0.0,523:529
31.65,0.0,532
31.7,0.0,533:532
31.7,0.0,528:523
31.65,0.0,527:527
31.65,0.0,527:526
31.65,0.0,523:524
31.65,0.0,527:527
31.65,0.0,
31.65,0.0,523:526:528
31.65,0.0,527:532:529
31.65,0.0,532:535
31.65,0.0,532
31.65,0.0,533:536
31.7,0.0,532:536
31.7,0.0,536:532
31.65,0.0,532:535
31.65,0.0,529:532
31.65,0.0,537
31.65,0.0,535:533
31.65,0.0,537:537
31.65,0.0,537:537
31.65,0.0,541:544
31.65,0.0,538:538
31.65,0.0,540:536
31.65,0.0,532
31.65,0.0,532:527
31.65,0.0,524:522
31.65,0.0,521:526
31.65,0.0,531:529
31.65,0.0,528
31.65,0.0,1062:531
31.65,0.0,532
31.65,0.0,532:529:529
31.65,0.0,528
31.65,0.0,529:528
31.65,0.0,533:535
31.65,0.0,538:531
31.65,0.0,536
31.65,0.0,535:532
31.65,0.0,532:536:535
31.65,0.0,535:537
31.65,0.0,537:533
31.65,0.0,532:532
31.65,0.0,531
31.65,0.0,533:532
31.65,0.0,531:526
31.65,0.0,527
31.65,0.0,528:526:522
31.65,0.0,527
31.65,0.0,523:532:524
31.65,0.0,522
31.65,0.0,528
31.6,0.0,1065:535
31.65,0.0,531:529
31.65,0.0,533
31.65,0.0,535:536:531
31.65,0.0,529
31.65,0.0,1064
31.65,0.0,531:529
31.65,0.0,1065:536
31.65,0.0,533
31.65,0.0,533:536
31.65,0.0,
31.65,0.0,1613:538
31.6,0.0,535:536
31.65,0.0,538:535
31.65,0.0,532
31.6,0.0,528:532
31.6,0.0,531:532
31.6,0.0,532:532
31.65,0.0,527:526
31.6,0.0,527:527
31.65,0.0,531:531
31.6,0.0,531:529
31.6,0.0,
31.6,0.0,1059:1052
31.6,0.0,524:523
31.6,0.0,519
31.6,0.0,517:522
31.6,0.0,513:521
31.6,0.0,521:521
31.6,0.0,518:519
31.6,0.0,522:521
31.6,0.0,523:522
31.6,0.0,523:527
31.6,0.0,523
31.6,0.0,527:528
31.6,0.0,526:527
31.6,0.0,528:523:524
31.6,0.0,526
31.65,0.0,526:521
31.65,0.0,522:524
31.65,0.0,523:523
31.6,0.0,524:523
31.6,0.0,523:523
31.65,0.0,526:523
31.6,0.0,519:519
31.65,0.0,523:526
31.6,0.0,526
31.65,0.0,528:529
31.6,0.0,531:532
31.6,0.0,527:529
31.6,0.0,529
31.6,0.0,531:529:523
31.6,0.0,531:529
31.6,0.0,529:522
31.6,0.0,527:526
31.6,0.0,526
31.6,0.0,524:526
31.6,0.0,518:526
31.6,0.0,524:523
31.6,0.0,524:526
31.6,0.0,529:524
31.6,0.0,529:533
31.6,0.0,531
31.6,0.0,527:527
31.6,0.0,531:528
31.6,0.0,527:524
31.6,0.0,521:521
31.6,0.0,522:519
31.6,0.0,517:515
31.6,0.0,515:524
31.6,0.0,1057
31.6,0.0,532
31.6,0.0,1059
31.6,0.0,529:528:524
31.6,0.0,527:527
31.6,0.0,523
31.6,0.0,521:524
31.6,0.0,527:531
31.6,0.0,528:532
31.6,0.0,527:523
31.6,0.0,528:527
31.6,0.0,528
31.6,0.0,1054
31.6,0.0,524:523
31.6,0.0,523:523
31.55,0.0,524:519:519
31.6,0.0,522:527
31.6,0.0,529
31.6,0.0,527:527
31.6,0.0,531:527
31.6,0.0,532:526
31.6,0.0,527
31.6,0.0,528:527:524
31.6,0.0,523:528
31.55,0.0,531:527
31.55,0.0,522
31.6,0.0,527:528
31.6,0.0,527:523
31.6,0.0,523:521
31.6,0.0,524:527
31.6,0.0,528
31.6,0.0,524:526:527
31.6,0.0,524:523
31.6,0.0,523:523
31.6,0.0,522:523
31.6,0.0,522
31.6,0.0,521:518
31.6,0.0,517:521
31.6,0.0,523:521
31.6,0.0,523:521
31.6,0.0,523:523
31.6,0.0,524:521
31.6,0.0,519
31.6,0.0,1042
31.6,0.0,521:519:521
31.6,0.0,517:518
31.6,0.0,519
31.6,0.0,521:519
31.6,0.0,518:514:522
31.6,0.0,521:522
31.6,0.0,524
31.6,0.0,521:523
31.6,0.0,524:527
31.6,0.0,524:527
31.55,0.0,529:527
31.6,0.0,527:526
31.6,0.0,527:523
31.6,0.0,522:523
31.6,0.0,527
31.6,0.0,527:532
31.6,0.0,527:527
31.6,0.0,527:528
31.6,0.0,527:527
31.55,0.0,523:523
31.6,0.0,523:527
31.6,0.0,523:523
31.6,0.0,523:531
31.6,0.0,529
31.6,0.0,524:529:532
31.6,0.0,532
31.6,0.0,1059
31.6,0.0,528:532
31.6,0.0,533:531
31.6,0.0,527:529
31.6,0.0,532
31.6,0.0,1072
31.6,0.0,537:533
31.6,0.0,541:541
31.6,0.0,537:535
31.6,0.0,537:538
31.6,0.0,536:531
31.6,0.0,532:529
31.6,0.0,527
31.6,0.0,531:512:536
31.6,0.0,532:531
31.6,0.0,533
31.55,0.0,529:535
31.6,0.0,535:532
31.6,0.0,531:532
31.6,0.0,527
31.6,0.0,523:521:523
31.6,0.0,524
31.6,0.0,523:527
31.6,0.0,523:524
31.55,0.0,526:523
31.6,0.0,518:521
31.6,0.0,519:521
31.55,0.0,518:518
31.6,0.0,519:521
31.6,0.0,517:522
31.6,0.0,521:526
31.6,0.0,529
31.6,0.0,533:531
31.55,0.0,533:1067
31.6,0.0,529
31.6,0.0,529
31.55,0.0,1054:518
31.6,0.0,528:526
31.55,0.0,521:523
31.6,0.0,518:526
31.6,0.0,527:528
31.6,0.0,526:531
31.55,0.0,532
31.6,0.0,531:532
31.6,0.0,533:533:528
31.6,0.0,521:532
31.6,0.0,527
31.6,0.0,532:518
31.6,0.0,524:521
31.6,0.0,522:518
31.6,0.0,521
31.55,0.0,523:523
31.55,0.0,1046
31.6,0.0,526:529:531
31.6,0.0,526
31.6,0.0,523:522
31.6,0.0,519:521
31.55,0.0,523:522
31.55,0.0,521:519
31.6,0.0,523:523
31.55,0.0,526:519
31.55,0.0,521:523
31.55,0.0,522:519
31.55,0.0,514:518
31.6,0.0,521:518
31.55,0.0,518:519
31.6,0.0,519:519
31.55,0.0,518
31.55,0.0,518:513
31.55,0.0,518:518
31.55,0.0,518:521
31.55,0.0,515:515
31.55,0.0,517:517
31.55,0.0,513:515
31.55,0.0,513:515
31.55,0.0,515:518
31.55,0.0,513:514
31.55,0.0,517:522
31.55,0.0,523
31.55,0.0,1052:524
31.55,0.0,526:527
31.55,0.0,523:521
31.55,0.0,522
31.55,0.0,523:518
31.55,0.0,521:521
31.55,0.0,521
31.55,0.0,1036:515
31.55,0.0,523:523
31.55,0.0,521:527
31.55,0.0,523:523
31.55,0.0,519:522
31.55,0.0,521
31.55,0.0,518:521
31.55,0.0,519:512:517
31.55,0.0,517:515
31.55,0.0,509
31.5,0.0,513:517
31.55,0.0,514:518
31.55,0.0,509
31.5,0.0,1024:521
31.5,0.0,518:521
31.55,0.0,518:522
31.55,0.0,523
31.5,0.0,521:515:518
31.55,0.0,514:514
31.55,0.0,514:510
31.55,0.0,513:513
31.55,0.0,513
31.55,0.0,509:513
31.55,0.0,518:519:521
31.55,0.0,519:523
31.55,0.0,526
31.55,0.0,527:528
31.55,0.0,533:527
31.5,0.0,529:532
31.55,0.0,529:529
31.55,0.0,532:528
31.55,0.0,528:529
31.55,0.0,528
31.55,0.0,529:531
31.5,0.0,1055
31.5,0.0,528:529
31.5,0.0,529:528
31.55,0.0,532
31.5,0.0,529:532:531
31.55,0.0,533
31.5,0.0,533:532:526
31.5,0.0,532:531
31.5,0.0,532
31.5,0.0,528
31.5,0.0,1062:527
31.55,0.0,1049
31.5,0.0,529:531
31.5,0.0,532:527
31.55,0.0,527:526
31.5,0.0,522:521
31.5,0.0,518:515
31.5,0.0,518
31.5,0.0,514:514
31.5,0.0,514:521
31.5,0.0,521:522
31.5,0.0,522:521
31.5,0.0,523:521
31.5,0.0,522
31.5,0.0,1044:527
31.5,0.0,524:523
31.55,0.0,523:527
31.55,0.0,531:529
31.5,0.0,529:532
31.5,0.0,531
31.5,0.0,532
31.5,0.0,1067
31.5,0.0,1062:532
31.5,0.0,528:531
31.5,0.0,527:527
31.5,0.0,526:532
31.5,0.0,528
31.5,0.0,532:527
31.5,0.0,532:531
31.5,0.0,532:529
31.5,0.0,527
31.5,0.0,1054:528
31.5,0.0,529:527
31.5,0.0,532
31.5,0.0,532:528:526
31.5,0.0,
31.5,0.0,1059:533
31.5,0.0,532:537
31.5,0.0,533:532
31.5,0.0,532:532
31.5,0.0,529:527
31.5,0.0,529
31.5,0.0,527:528:531
31.5,0.0,527
31.5,0.0,526:527
31.5,0.0,528:532:532
31.5,0.0,535
31.5,0.0,532:533
31.5,0.0,532:528
31.5,0.0,526:527
31.5,0.0,529:526
31.5,0.0,521
31.5,0.0,521:519
31.5,0.0,526:521
31.5,0.0,1042
31.5,0.0,521:522
31.5,0.0,519:521
31.5,0.0,509:518
31.5,0.0,514:510
31.5,0.0,513:517
31.5,0.0,515:519
31.5,0.0,519
31.5,0.0,1044:521
31.5,0.0,523:519
31.5,0.0,521:522
31.5,0.0,518:521
31.45,0.0,521:518
31.5,0.0,518:518
31.5,0.0,523
31.5,0.0,521:526
31.45,0.0,521:524
31.5,0.0,523:519
31.45,0.0,518:518
31.5,0.0,509:513
31.5,0.0,512:512
31.5,0.0,513:509
31.45,0.0,513:508
31.5,0.0,521:521
31.5,0.0,523:521
31.5,0.0,523:523
31.5,0.0,521:515
31.45,0.0,519:518
31.45,0.0,517:513
31.45,0.0,518
31.45,0.0,518:518
31.5,0.0,519:518
31.45,0.0,523:526
31.45,0.0,528:523
31.45,0.0,527:531
31.45,0.0,526:528
31.45,0.0,527:523
31.45,0.0,521:521
31.45,0.0,
31.45,0.0,1047:519
31.45,0.0,521:517:513
31.45,0.0,507:515
31.45,0.0,509:513
31.45,0.0,512
31.5,0.0,509:505
31.45,0.0,505:504
31.45,0.0,509:504
31.45,0.0,501:503
31.45,0.0,513:513
31.45,0.0,514:514
31.45,0.0,513:515
31.45,0.0,518:521
31.45,0.0,513:519
31.45,0.0,519:518
31.45,0.0,515:519
31.45,0.0,519
31.45,0.0,521:518:518
31.45,0.0,515:521
31.45,0.0,524
31.45,0.0,527:524
31.45,0.0,527:527
31.45,0.0,526:523
31.45,0.0,524:524
31.45,0.0,521:523
31.45,0.0,521
31.45,0.0,524:524:527
31.45,0.0,526:521
31.45,0.0,526:522
31.45,0.0,519
31.45,0.0,519
31.45,0.0,1037
31.45,0.0,1039:521
31.45,0.0,521:523
31.45,0.0,527:524
31.45,0.0,524:527
31.45,0.0,527:529
31.45,0.0,527:529
31.45,0.0,529:527
31.4,0.0,528:524
31.45,0.0,524:526
31.45,0.0,523
31.45,0.0,521:518
31.4,0.0,523:524
31.45,0.0,526:523
31.45,0.0,518:523
31.45,0.0,527:526
31.4,0.0,523:521
31.4,0.0,526:527
31.45,0.0,527
31.45,0.0,524:522:526
31.4,0.0,527
31.45,0.0,1052:528
31.4,0.0,526
31.4,0.0,527:524
31.4,0.0,1052
31.4,0.0,523:521
31.45,0.0,519:518
31.4,0.0,523:527
31.4,0.0,527:527
31.4,0.0,523
31.4,0.0,527:527
31.4,0.0,1057
31.45,0.0,528:528
31.45,0.0,523:523
31.45,0.0,526:524
31.4,0.0,528:528
31.4,0.0,523
31.4,0.0,1054:523
31.45,0.0,527:524
31.4,0.0,526:528
31.4,0.0,523:526
31.45,0.0,
31.4,0.0,1059:522
31.4,0.0,522:523
31.4,0.0,528:527
31.4,0.0,528:531
31.4,0.0,529:527
31.4,0.0,531:524
31.45,0.0,527
31.4,0.0,529:527
31.4,0.0,521:524
31.4,0.0,527:523
31.4,0.0,523:523
31.4,0.0,523:521
31.4,0.0,518:523
31.4,0.0,522:523
31.45,0.0,523:523
31.4,0.0,523:527
31.4,0.0,527:521
31.4,0.0,524:524
31.4,0.0,523
31.4,0.0,523:517
31.45,0.0,521:522
31.4,0.0,518:517
31.4,0.0,513:521
31.4,0.0,523:524
31.4,0.0,523:527
31.4,0.0,527
31.4,0.0,523:523:527
31.4,0.0,528
31.4,0.0,527:524:528
31.4,0.0,532:526
31.4,0.0,524
31.4,0.0,529:529
31.4,0.0,527:528
31.4,0.0,526:531
31.4,0.0,537:535
31.4,0.0,537:531
31.4,0.0,536:537
31.4,0.0,533
31.4,0.0,
31.4,0.0,2134
31.4,0.0,527:528
31.4,0.0,528:532
31.4,0.0,533:531
31.4,0.0,526:527
31.4,0.0,526:523
31.4,0.0,518:529
31.4,0.0,528
31.4,0.0,527:529:523
31.4,0.0,529
31.4,0.0,532
31.4,0.0,1062:529
31.4,0.0,532
31.4,0.0,531:529
31.4,0.0,1059:526
31.4,0.0,526
31.4,0.0,1052
31.4,0.0,531:532
31.4,0.0,535:532
31.4,0.0,536:532
31.4,0.0,535:527
31.4,0.0,527:532
31.4,0.0,532:527
31.4,0.0,527
31.4,0.0,527:526:529
31.4,0.0,531:531
31.4,0.0,524
31.4,0.0,522:521
31.4,0.0,518:524
31.4,0.0,521:521
31.4,0.0,523:518
31.4,0.0,522:515
31.4,0.0,1031
31.4,0.0,518:517
31.4,0.0,518:514
31.4,0.0,521:526
31.4,0.0,523
31.4,0.0,519:527:528
31.4,0.0,531:528
31.4,0.0,528:527
31.4,0.0,526
31.4,0.0,
31.4,0.0,1575
31.4,0.0,1047:521
31.4,0.0,522
31.4,0.0,523:521
31.4,0.0,518:519:524
31.4,0.0,524:527
31.4,0.0,523
31.4,0.0,521:523
31.4,0.0,527:524
31.4,0.0,523:526
31.4,0.0,527:524
31.4,0.0,522:526
31.4,0.0,523:521
31.4,0.0,521:522
31.4,0.0,523:524
31.4,0.0,527:524
31.4,0.0,526
31.4,0.0,522:526
31.4,0.0,1046
31.4,0.0,517:518
31.4,0.0,515:521
31.4,0.0,519:518
31.4,0.0,521:514
31.4,0.0,522:523
31.4,0.0,529:527
31.4,0.0,532:536
31.4,0.0,533
31.4,0.0,533:537
31.4,0.0,537:540
31.4,0.0,536:537
31.4,0.0,532:527
31.4,0.0,532:528
31.4,0.0,528:521
31.4,0.0,1042
31.4,0.0,521
31.4,0.0,515:514:513
31.4,0.0,510:513
31.4,0.0,513:507
31.4,0.0,512:521
31.4,0.0,518
31.4,0.0,1039
31.4,0.0,521:521
31.4,0.0,523:518
31.4,0.0,521:521
31.4,0.0,517:522
31.4,0.0,523:519
31.4,0.0,523:523
31.4,0.0,521:518
31.4,0.0,523:522
31.4,0.0,521:527
31.4,0.0,526:526
31.4,0.0,1049
31.4,0.0,524
31.4,0.0,523:527
31.4,0.0,524:522
31.4,0.0,522
31.4,0.0,1046:526
31.4,0.0,526:528
31.4,0.0,529:527
31.4,0.0,527:524
31.4,0.0,527
31.4,0.0,528:526:526
31.4,0.0,529:532
31.4,0.0,524
31.4,0.0,527
31.4,0.0,531:526:529
31.4,0.0,529:527
31.4,0.0,
31.4,0.0,1059:523:524
31.4,0.0,526:527
31.4,0.0,528
31.4,0.0,531:527
31.4,0.0,
31.4,0.0,1582:526
31.4,0.0,527:523
31.4,0.0,521:523
31.45,0.0,518
31.45,0.0,527:529:529
31.45,0.0,1055
31.4,0.0,527:528
31.4,0.0,527:524
31.4,0.0,524
31.4,0.0,528:523
31.4,0.0,523:523
31.4,0.0,519:518
31.4,0.0,521:527
31.4,0.0,519:527
31.4,0.0,527:524
31.4,0.0,523:524
31.4,0.0,521:521
31.4,0.0,521
31.4,0.0,519:513
31.4,0.0,514:518
31.4,0.0,517:512:510
31.4,0.0,508:515
31.4,0.0,
31.4,0.0,1024:512
31.4,0.0,514:509
31.4,0.0,509:517
31.4,0.0,518:518
31.4,0.0,518
31.4,0.0,1036:521
31.4,0.0,519:521
31.4,0.0,522:518
31.4,0.0,524:523
31.4,0.0,517:514
31.4,0.0,519
31.4,0.0,513:517
31.4,0.0,514:513
31.45,0.0,509:513
31.4,0.0,509:514:517
31.4,0.0,518:522
31.45,0.0,518
31.45,0.0,518:521
31.45,0.0,523
31.4,0.0,
31.4,0.0,529:1592:532
31.4,0.0,533:529
31.45,0.0,527:528
31.4,0.0,529
31.45,0.0,527:527
31.4,0.0,529:524
31.45,0.0,524:526
31.45,0.0,527:527
31.4,0.0,528
31.4,0.0,523:519
31.45,0.0,522:523:519
31.45,0.0,521
31.45,0.0,1047
31.45,0.0,518:521:523
31.45,0.0,526:523
31.45,0.0,528
31.45,0.0,533:535
31.45,0.0,531:537
31.45,0.0,540:537
31.45,0.0,541:538
31.45,0.0,537:537
31.45,0.0,540
31.45,0.0,541:537
31.45,0.0,531:536
31.45,0.0,536:533
31.45,0.0,528
31.45,0.0,532:532:532
31.45,0.0,531:529
31.45,0.0,532:531
31.45,0.0,527:532
31.45,0.0,532
31.45,0.0,533:529
31.45,0.0,527:527
31.45,0.0,1047
31.45,0.0,523:522
31.45,0.0,514:514
31.5,0.0,513:513
31.45,0.0,512
31.45,0.0,518:522:523
31.45,0.0,521:523
31.45,0.0,527
31.45,0.0,529:527
31.45,0.0,527:527
31.45,0.0,
31.45,0.0,1582:527
31.45,0.0,524:531
31.45,0.0,532:529
31.45,0.0,528:527
31.45,0.0,531:535
31.45,0.0,537:537
31.5,0.0,537
31.45,0.0,536:535
31.5,0.0,536:536
31.45,0.0,472
31.45,0.0,1039:518
31.5,0.0,519:639
31.5,0.0,536
31.5,0.0,529:532
31.5,0.0,536:532
31.45,0.0,529:532:527
31.5,0.0,528
31.45,0.0,527:522
31.5,0.0,523:523
31.45,0.0,524:515
31.5,0.0,519:526
31.5,0.0,521:526
31.5,0.0,524:527
31.5,0.0,531:527
31.5,0.0,531
31.5,0.0,531
31.5,0.0,1060:533
31.5,0.0,536
31.5,0.0,1062:532
31.5,0.0,535:533
31.5,0.0,527
31.5,0.0,532:535
31.5,0.0,533:537:537
31.5,0.0,536
31.5,0.0,537:541
31.5,0.0,535
31.5,0.0,1067:527
31.5,0.0,532:535
31.5,0.0,537:533
31.5,0.0,535:531
31.5,0.0,532
31.5,0.0,532:528
31.5,0.0,531:532
31.5,0.0,527:523
31.5,0.0,1055
31.5,0.0,531:531
31.5,0.0,529:526
31.5,0.0,531
31.5,0.0,529:528:532
31.55,0.0,1065
31.55,0.0,528
31.55,0.0,532:535
31.5,0.0,531:531
31.5,0.0,532:531
31.55,0.0,529:527
31.5,0.0,532:535
31.5,0.0,532:537
31.55,0.0,537
31.55,0.0,532:531
31.55,0.0,524:535
31.55,0.0,535:533
31.55,0.0,528
31.55,0.0,533:535
31.55,0.0,524:527
31.55,0.0,532:531
31.55,0.0,527:1059
31.55,0.0,532
31.55,0.0,532:528
31.55,0.0,532:536
31.55,0.0,481:518
31.55,0.0,519:518
31.55,0.0,519:686
31.55,0.0,541
31.55,0.0,536:533
31.55,0.0,532:537
31.55,0.0,537
31.55,0.0,536:532
31.55,0.0,1605
31.55,0.0,535
31.55,0.0,537:535
31.55,0.0,532:533
31.55,0.0,532:538:542
31.55,0.0,546
31.55,0.0,540:542
31.55,0.0,544:545
31.55,0.0,540:542
31.55,0.0,544
31.55,0.0,537:542
31.6,0.0,541:537
31.55,0.0,540:532
31.55,0.0,538
31.55,0.0,541:540:536
31.55,0.0,537:541
31.6,0.0,
31.6,0.0,537:541:541
31.55,0.0,536:536
31.55,0.0,531
31.55,0.0,532:1072
31.6,0.0,536:537
31.55,0.0,536:533
31.55,0.0,533:533
31.6,0.0,535:532
31.6,0.0,532
31.6,0.0,527:527
31.6,0.0,529:532
31.6,0.0,531
31.6,0.0,1065
31.6,0.0,532:533:535
31.6,0.0,536
31.6,0.0,532:535
31.6,0.0,537:537
31.6,0.0,532:535
31.6,0.0,1060
31.6,0.0,531
31.6,0.0,523:523:527
31.6,0.0,532:535
31.65,0.0,536:533
31.6,0.0,531:529
31.6,0.0,532:532
31.6,0.0,535
31.6,0.0,527:531
31.6,0.0,535:531
31.6,0.0,536:531
31.65,0.3,535:536
31.6,0.3,532
31.6,0.3,529:532
31.6,0.3,1065
31.65,0.3,536:535
31.65,0.3,540:538
31.65,0.3,474:521
31.65,0.3,521:519
31.65,0.3,587:538
31.65,0.3,536:541
31.6,0.3,596
31.6,0.3,537:540
31.6,0.3,536
31.6,0.3,1072:538
31.6,0.3,540:537
31.6,0.3,540
31.6,0.3,536:531:535
31.6,0.3,536
31.6,0.3,532:533
31.6,0.3,533:531
31.6,0.3,535:536
31.6,0.3,532:531
31.65,0.3,532
31.65,0.3,529:527
31.65,0.3,524:526:522
31.65,0.3,518:522
31.65,0.4,521:521
31.65,0.4,523:518
31.65,0.4,517
31.65,0.4,522:526
31.65,0.4,527:528
31.65,0.4,529:527
31.7,0.4,527:528
31.65,0.3,527
31.65,0.4,527:527:523
31.65,0.4,526
31.65,0.4,522:524
31.65,0.4,518:519
31.65,0.4,517:521
31.65,0.4,517:514
31.65,0.4,517:523
31.7,0.4,523:524
31.7,0.4,527:523
31.65,0.4,523:523
31.7,0.4,529:531
31.65,0.4,527:522
31.7,0.4,529:528
31.7,0.4,526:523
31.7,0.4,
31.7,0.4,1057:529
31.65,0.4,526:524
31.65,0.4,523:526
31.65,0.4,522:521
31.7,0.4,521
31.7,0.4,519:523:526
31.7,0.4,523
31.7,0.4,527:536
31.65,0.4,536:538:540
31.7,0.4,542
31.7,0.4,540:541
31.7,0.4,544:547
31.7,0.4,541:546
31.7,0.4,546
31.65,0.4,540:545:546
31.7,0.4,
31.7,0.4,1088:544
31.7,0.4,544:542
31.7,0.4,535:538
31.7,0.4,538:535
31.7,0.4,537
31.7,0.4,538
31.7,0.4,1075:537
31.7,0.4,533:540
31.65,0.4,544:541
31.7,0.4,546:547
31.7,0.4,542:540
31.7,0.4,542:545
31.7,0.4,541
31.7,0.4,541:540
31.7,0.4,537:538
31.7,0.4,541
31.7,0.4,538:540:540
31.7,0.4,537:535
31.7,0.4,532
31.7,0.4,537:537
31.7,0.4,538:537
31.7,0.4,537:537
31.75,0.4,538:537
31.7,0.4,537:537
31.7,0.4,537:536
31.7,0.4,532:535
31.7,0.4,537:536
31.7,0.4,532
31.7,0.4,527:532
31.7,0.4,532
31.75,0.4,1065
31.7,0.4,527:531
31.7,0.4,532:527:532
31.7,0.4,533:533
31.75,0.4,536
31.75,0.4,540:533
31.75,0.4,1069
31.75,0.4,540:545
31.7,0.4,545:546
31.7,0.4,547:544
31.75,0.4,544:544
31.75,0.4,537:536
31.7,0.4,533
31.75,0.4,531:526
31.75,0.4,524:518
31.75,0.4,528:528
31.75,0.4,529:526
31.75,0.4,528:531
31.75,0.4,527:528
31.75,0.4,528:524
31.75,0.4,528
31.75,0.4,527:526
31.75,0.4,529:531
31.75,0.4,532:531
31.75,0.4,528:533
31.75,0.4,536
31.75,0.4,1064:538
31.75,0.4,538:540
31.75,0.4,542:544
31.75,0.4,541
31.75,0.4,541:538
31.75,0.4,476:541
31.75,0.4,1057
31.75,0.4,527:527
31.75,0.4,592
31.75,0.4,545:601
31.75,0.4,544:547
31.75,0.4,545:546
31.75,0.4,546:545
31.75,0.4,542:541
31.75,0.4,544
31.75,0.4,546:546
31.75,0.4,542:541
31.8,0.4,545:544
31.8,0.4,546:541
31.8,0.4,540:542
31.8,0.4,541:541
31.75,0.4,544
31.75,0.4,538:545
31.8,0.4,541:538
31.8,0.4,542:535
31.8,0.4,537:537
31.8,0.4,536
31.8,0.4,532:532:533
31.8,0.4,532
31.8,0.4,533:535
31.8,0.4,532:532
31.8,0.4,536
31.8,0.4,1072:529
31.8,0.4,532:535
31.8,0.4,538:542
31.8,0.4,537:541
31.8,0.4,537
31.85,0.4,537
31.8,0.4,1075
31.8,0.4,1072:536
31.85,0.4,537:535
31.85,0.4,537:541
31.85,0.4,538:537
31.85,0.4,537
31.85,0.4,529:529
31.8,0.4,533:528
31.85,0.4,529:532
31.85,0.4,529:527
31.85,0.4,536:537
31.85,0.4,541:541
31.85,0.4,541:541
31.85,0.4,1075
31.85,0.4,537
31.85,0.4,533:536
31.85,0.4,537:533
31.85,0.4,536:537
31.85,0.4,541
31.85,0.4,541:545
31.85,0.4,541:546
31.85,0.5,546
31.85,0.5,1088:545
31.85,0.5,544:545
31.85,0.5,542:535
31.85,0.5,540
31.85,0.5,540:536
31.85,0.5,538:532
31.85,0.5,526:527
31.85,0.5,532:535
31.85,0.5,535
31.85,0.5,532:532:535
31.85,0.5,532:532
31.85,0.5,531:529
31.85,0.5,529:531
31.85,0.5,528
31.9,0.5,529:529
31.85,0.5,526:524
31.85,0.5,527
31.9,0.5,524:524:523
31.9,0.5,521:521
31.85,0.5,523:527
31.85,0.5,522:527
31.85,0.5,527
31.85,0.5,1052:527
31.9,0.5,531:535
31.9,0.5,532
31.9,0.5,532:532
31.9,0.5,529:524
31.9,0.5,532:527
31.9,0.5,526:523
31.9,0.5,521:522
31.9,0.5,517:521
31.9,0.5,523:521
31.9,0.5,
31.9,0.5,1042:527
31.9,0.5,528:523
31.9,0.5,531:531
31.9,0.5,536
31.9,0.5,1077:538
31.9,0.5,540
31.9,0.5,537:538
31.9,0.5,1085
31.9,0.5,545:544
31.9,0.5,537:541
31.9,0.5,544:540
31.9,0.5,545
31.9,0.5,547:541:546
31.9,0.5,546
31.9,0.5,547:546
31.9,0.5,547
31.9,0.5,1631
31.95,0.5,549:547
31.9,0.5,550
31.9,0.5,544:549
31.9,0.5,545:540
31.95,0.5,544:546
31.95,0.5,538:542
31.95,0.5,544
31.95,0.5,542:542:540
31.95,0.5,540:542
31.9,0.5,540
31.95,0.5,504:564
31.9,0.5,542:538
31.95,0.5,531:537
31.95,0.5,541:546
31.95,0.5,547:547
31.95,0.5,542
31.95,0.5,550:550
31.9,0.5,1098
31.9,0.5,550:546
31.95,0.5,550:549
31.95,0.5,544
31.9,0.5,1093
31.95,0.5,541:541
31.95,0.5,1075
31.95,0.5,537
31.95,0.5,1074:533
31.95,0.5,533:537
31.95,0.5,537
31.95,0.5,550:542
32.0,0.5,541:546
31.95,0.5,546:542
31.95,0.5,546:546
32.0,0.5,540:538
31.95,0.5,541
31.95,0.5,541:544
31.95,0.5,1082
32.0,0.5,542:541
32.0,0.5,545:541
32.0,0.5,541:546
32.0,0.5,547:546
31.95,0.5,550
32.0,0.5,544:545
31.95,0.5,546:546
32.0,0.5,545:546
32.0,0.5,545:538
32.0,0.5,542:533
32.0,0.5,541
32.0,0.5,542:536
32.0,0.5,533:532
32.0,0.5,529:529
32.0,0.5,531
32.0,0.5,529:532
32.0,0.5,
32.0,0.5,1590:535:537
32.0,0.5,538:537
32.0,0.5,538
32.0,0.5,541:546
32.0,0.5,547:549
32.0,0.5,550:541
32.0,0.5,546:546
32.0,0.5,546:545
32.0,0.5,546
32.0,0.5,545:546
32.0,0.5,546:541
32.0,0.5,545
32.0,0.5,544:537:537
32.0,0.5,540
32.0,0.5,541:542
32.05,0.5,544:546
32.0,0.5,546:546
32.0,0.5,546:547
32.0,0.5,549:550
32.0,0.5,550:555
32.0,0.5,555
32.0,0.5,559:555
32.0,0.5,552:559
32.05,0.6,549:550
32.05,0.6,550:552
32.05,0.6,554
32.0,0.5,549:550
32.0,0.5,547:546
32.05,0.6,544:546
32.05,0.6,546:541
32.05,0.6,
32.0,0.5,1088:542
32.05,0.6,542:545
32.05,0.6,537:537
32.05,0.6,1070
32.05,0.6,540:538
32.05,0.6,540
32.05,0.6,1082:541
32.05,0.6,544
32.05,0.6,542:546
32.0,0.5,545:540
32.05,0.6,545:537
32.0,0.5,535:538
32.05,0.6,533
32.0,0.5,540:541
32.0,0.5,535:541
32.0,0.5,545:538
32.0,0.5,537:540
32.05,0.6,537:541
32.05,0.6,542
32.0,0.5,541:538
32.0,0.5,535:537
32.0,0.5,537:532
32.05,0.6,533:536
32.0,0.5,532:531
32.0,0.5,533:533
32.0,0.5,533:537
32.0,0.5,531:532
32.0,0.5,537:540
32.0,0.5,532
32.0,0.5,542:546
32.0,0.5,541
32.0,0.5,1085
32.0,0.5,549:551
32.0,0.5,
32.0,0.5,1654:554
32.0,0.5,555
32.05,0.6,1108:547
32.05,0.6,554:555
32.0,0.5,551:555
32.0,0.5,552
32.05,0.6,547:552
32.05,0.6,555:550
32.0,0.5,554:551
32.0,0.5,552:550
32.0,0.5,550
32.0,0.6,552:549
32.05,0.6,546:547
32.0,0.6,549:549
32.05,0.6,551
32.05,0.6,551:554
32.0,0.6,555:547
32.0,0.6,546:545
32.0,0.6,549:550
32.05,0.6,550
32.05,0.6,551:550:550
32.05,0.6,550:550
32.0,0.6,550
32.0,0.6,547:551
32.05,0.6,550:547
32.05,0.6,550:546
32.05,0.6,550:547
32.05,0.6,545
32.0,0.6,1085
32.05,0.6,547
32.05,0.6,1095:547
32.0,0.6,550
32.0,0.6,546:541
32.0,0.6,550:550
32.0,0.6,546:550
32.0,0.6,550:550
32.0,0.6,554:550
32.0,0.6,551:555
32.0,0.6,550
32.0,0.6,551:554
32.05,0.6,547:552
32.0,0.6,551:546
32.0,0.6,555:555
32.0,0.6,549
32.0,0.6,549:546
32.0,0.6,550:552
32.0,0.6,550:550
32.0,0.6,550:549
32.0,0.6,551
32.0,0.6,551:551
32.0,0.6,550:549
32.0,0.6,550:542
32.0,0.6,545:541
32.0,0.6,1085
32.0,0.6,541:545
32.0,0.6,540:533
32.0,0.6,536
32.0,0.6,537:541
32.0,0.6,540:541
32.0,0.6,1088
32.0,0.6,545:538
32.0,0.6,541
32.0,0.6,542:540
32.0,0.6,541:538
32.0,0.6,537:537
32.0,0.6,538:536
32.0,0.6,538:537
32.0,0.6,538:540
32.0,0.6,
32.0,0.6,1072:540
32.0,0.6,538:538
32.0,0.6,535:537
32.0,0.6,537:540
31.95,0.6,536:532
32.0,0.6,535:533
32.0,0.6,532:532
32.0,0.6,536
32.0,0.6,527:527
32.0,0.6,535:538
31.95,0.6,538
31.95,0.6,537:536:537
32.0,0.6,540:535
32.0,0.6,533
32.0,0.6,537:538:537
32.0,0.6,529:536
31.95,0.6,536
31.95,0.6,536:533
31.95,0.6,531:537
31.95,0.6,542:541
31.95,0.6,540:545
32.0,0.6,549
31.95,0.6,1095
31.95,0.6,546:549
31.95,0.6,549:549
31.95,0.6,546:541
31.95,0.6,538
31.95,0.6,544:546
31.95,0.6,546
31.95,0.6,1085:547
31.95,0.6,551:546
31.95,0.6,550:550
31.95,0.6,552
31.95,0.6,1101
31.95,0.6,550:546
31.95,0.6,546:549
31.95,0.6,1098
31.95,0.6,550:545
31.95,0.6,564
31.95,0.6,529:546
31.95,0.6,547:545
31.95,0.6,540:540
31.95,0.6,541:538
31.95,0.6,536:537
31.95,0.6,537:532
31.95,0.6,532
31.95,0.6,532:537
31.9,0.6,536:529
31.95,0.6,537:538
31.9,0.6,531:538
31.95,0.6,538:532
31.95,0.6,537:538
31.9,0.6,533
31.95,0.6,537:538
31.95,0.6,536:540
31.9,0.6,541:537
31.95,0.6,540:542
31.95,0.6,537:537
31.9,0.6,537:541
31.9,0.6,541
31.95,0.6,538:540
31.9,0.6,537:538
31.95,0.6,532:537
31.95,0.6,527:527
31.95,0.6,532:532
31.95,0.6,529:527
31.9,0.6,527:527
31.9,0.6,529:521
31.9,0.6,524:531
31.9,0.6,531
31.9,0.6,532:532
31.9,0.6,535:535
31.9,0.6,533:533
31.9,0.6,532:531
31.9,0.6,528
31.9,0.6,532:535:535
31.9,0.6,529
31.9,0.6,528:532
31.9,0.6,535:535
31.9,0.6,537:533
31.9,0.6,537:532
31.9,0.6,537:535
31.9,0.6,527:535
31.9,0.6,
31.9,0.6,532:1062
31.9,0.6,529:527:527
31.9,0.6,532
31.9,0.6,533:537
31.9,0.6,532:536
31.9,0.6,1070
31.85,0.6,537:538
31.9,0.6,535
31.9,0.6,532:535
31.9,0.6,538:540
31.9,0.6,541:541
31.9,0.6,538:542
31.9,0.6,544:537
31.85,0.6,533
31.85,0.6,537:537:532
31.85,0.6,532
31.9,0.6,529:527
31.85,0.6,532:532
31.9,0.6,528:531
31.85,0.6,527:533
31.9,0.6,535:529
31.9,0.6,532
31.85,0.6,1072:532
31.85,0.6,529
31.9,0.6,533:537
31.85,0.6,537:535
31.85,0.6,532:537
31.9,0.6,541:536
31.9,0.6,536:538
31.9,0.6,542:542
31.85,0.6,544:544
31.9,0.6,544
31.9,0.6,538
31.9,0.6,1078:532
31.85,0.6,537:536
31.9,0.6,532
31.9,0.6,529:531:532
31.9,0.6,537
31.9,0.6,538:537
31.85,0.6,535:538
31.85,0.6,537:533
31.85,0.6,537
31.85,0.6,1067:528
31.85,0.6,527:529
31.9,0.6,531
31.85,0.6,532:526:526
31.85,0.6,535:535
31.85,0.6,541
31.9,0.6,542:535
31.85,0.6,541:542
31.85,0.6,541:546
31.85,0.6,542:545
31.85,0.6,547
31.85,0.6,541:542
31.9,0.6,547:550
31.85,0.6,544:547
31.85,0.6,551:546
31.85,0.6,550:550
31.85,0.6,546
31.85,0.6,550:551
31.9,0.6,547
31.9,0.6,550:550:546
31.9,0.6,
31.85,0.6,549:1090
31.85,0.6,546:549
31.85,0.6,549:545
31.85,0.6,544:550
31.85,0.6,551:550
31.9,0.6,550:546
31.85,0.6,547
31.85,0.6,552:551
31.85,0.6,549:552
31.85,0.6,550:550
31.85,0.6,550:546
31.85,0.6,550
31.85,0.6,546:550
31.85,0.6,544:544
31.85,0.6,545:547
31.85,0.6,551:552
31.85,0.6,555
31.85,0.6,555:550:550
31.85,0.6,552
31.85,0.6,555:550
31.85,0.6,554:555
31.85,0.6,555:556
31.85,0.6,552:549
31.85,0.6,551
31.85,0.6,552:550
31.85,0.6,549:546
31.85,0.6,546
31.85,0.6,537:545:541
31.85,0.6,540
31.85,0.6,545:540
31.85,0.6,529:541
31.85,0.6,
31.85,0.6,1080:1080
31.85,0.6,533:537
31.85,0.6,538:531
31.85,0.6,533:535
31.85,0.6,536:535
31.85,0.6,535
31.85,0.6,533:533
31.8,0.6,533:533
31.8,0.6,536:532
31.85,0.6,533:528
31.85,0.6,538:537
31.85,0.6,538
31.85,0.6,541:541
31.85,0.6,541:542
31.85,0.6,538
31.85,0.6,541:546:545
31.85,0.6,549:550
31.85,0.6,545:541
31.85,0.6,546
31.85,0.6,541:544
31.85,0.6,544:542
31.85,0.6,541:544
31.85,0.6,541:538
31.8,0.6,537:541
31.85,0.6,541
31.85,0.6,549:551
31.85,0.6,551:552
31.8,0.6,550:546
31.8,0.6,547:550
31.85,0.6,545
31.85,0.6,546
31.8,0.6,1085:545
31.8,0.6,541:540
31.8,0.6,542:544
31.8,0.6,538:540
31.8,0.6,541:540
31.8,0.6,541:537
31.8,0.6,541
31.8,0.6,535:532
31.8,0.6,472:521
31.8,0.6,521:521
31.8,0.6,595:596
31.8,0.6,535:533
31.8,0.6,529
31.8,0.6,527:523
31.8,0.6,528:527
31.8,0.6,531:526
31.8,0.6,526:527
31.8,0.6,532:533
31.8,0.6,537:535
31.8,0.6,537
31.8,0.6,537:533
31.8,0.6,1613
31.8,0.6,538
31.8,0.6,537:537
31.8,0.6,533:532
31.8,0.6,535:537
31.75,0.6,541
31.75,0.6,536:535:537
31.8,0.6,537
31.8,0.6,537:537
31.8,0.6,535:538
31.8,0.6,1077
31.8,0.6,541:537
31.8,0.6,1075
31.8,0.6,541:542
31.75,0.6,541:540
31.75,0.6,532:537
31.8,0.6,537
31.8,0.6,537:541
31.75,0.6,538:532
31.75,0.6,529:532
31.75,0.6,531:537
31.75,0.6,537:538
31.75,0.6,541
31.75,0.6,542:541
31.75,0.6,546:547
31.75,0.6,544
31.75,0.6,547:545:545
31.75,0.6,545
31.75,0.6,545:538
31.75,0.6,540:538
31.75,0.6,541:537
31.75,0.6,538:537
31.75,0.6,531:537
31.75,0.6,536:527
31.75,0.6,535:533
31.75,0.6,531:535
31.75,0.6,537
31.75,0.6,528:533
31.75,0.6,540:536
31.75,0.6,533:537
31.75,0.6,537
31.7,0.6,538:542
31.7,0.5,537:537
31.7,0.6,544:542
31.7,0.6,545:541
31.7,0.6,538:542
31.7,0.6,540:541
31.7,0.5,541:549
31.7,0.5,546:549
31.7,0.5,546
31.7,0.5,542:546
31.7,0.5,547:550
31.65,0.5,550:545
31.7,0.5,549:546
31.7,0.5,549
31.65,0.5,550:544
31.65,0.5,546:549
31.7,0.5,544:541
31.65,0.5,536:545
31.65,0.5,1092
31.65,0.5,545
31.65,0.5,544:540
31.65,0.5,537:536
31.65,0.5,537
31.65,0.5,
31.65,0.5,532:2138
31.65,0.5,537:537
31.65,0.5,541:546
31.65,0.5,541
31.65,0.5,541:538
31.65,0.5,533:537
31.65,0.5,541:544
31.65,0.5,
31.65,0.5,1621
31.65,0.5,532:538
31.65,0.5,540:532
31.65,0.5,528:533
31.65,0.5,467:518
31.65,0.5,518:518
31.6,0.5,518
31.6,0.5,1223:546
31.6,0.5,545:546
31.6,0.5,546
31.6,0.5,545:537
31.6,0.5,542:544
31.6,0.5,544:541
31.6,0.5,544:538
31.6,0.5,541:537
31.65,0.5,537
31.6,0.5,540:537
31.6,0.5,533:532
31.6,0.5,538:540
31.6,0.5,544:536
31.6,0.5,540:537
31.6,0.5,535
31.6,0.5,533:532:532
31.6,0.5,532:528
31.6,0.5,527:537
31.6,0.5,537
31.6,0.5,542:537
31.6,0.5,542:546
31.6,0.5,546:542
31.6,0.5,550:555
31.55,0.5,551
31.55,0.5,559:559
31.55,0.5,550
31.55,0.5,555:555
31.55,0.5,550:541
31.55,0.5,552:551
31.55,0.5,546:547
31.55,0.5,546:550
31.55,0.5,544:540
31.55,0.5,1082
31.55,0.5,547:550
31.5,0.5,546:546
31.55,0.5,550
31.5,0.5,550:551
31.55,0.5,552:547
31.55,0.5,550:546
31.55,0.5,546
31.5,0.5,546:541
31.55,0.5,544:546
31.55,0.5,541:545
31.5,0.5,542:546
31.5,0.5,545
31.5,0.5,551:551
31.5,0.5,552:558
31.5,0.5,549:550
31.5,0.5,550:546
31.5,0.5,540
31.5,0.5,538:540:544
31.5,0.5,542
31.5,0.5,546:546
31.5,0.5,549:546
31.5,0.5,549:550
31.5,0.5,546
31.5,0.5,1105
31.5,0.5,556:555
31.5,0.5,556:556
31.5,0.5,552:550
31.45,0.5,545:550
31.5,0.5,552
31.5,0.5,552
31.45,0.5,1098:551
31.5,0.5,549:550
31.5,0.5,547:544
31.5,0.5,546:542
31.45,0.5,540:541
31.5,0.5,541
31.5,0.5,545:542
31.45,0.5,541:546
31.45,0.5,552:555
31.45,0.5,555
31.45,0.5,1116
31.45,0.5,560:555
31.45,0.5,558:556
31.45,0.5,555:554
31.45,0.5,546
31.45,0.5,549:551
31.45,0.5,546:541
31.45,0.5,546:550
31.45,0.5,550:550
31.45,0.5,555
31.4,0.5,554:555
31.45,0.5,555:549
31.45,0.5,550:544
31.4,0.5,552
31.4,0.5,555:551
31.4,0.5,1111:549
31.4,0.5,551
31.4,0.5,546:550
31.4,0.5,547:549
31.4,0.5,550:546
31.45,0.5,541:538
31.4,0.5,544
31.4,0.5,549:550
31.4,0.5,544:547:549
31.4,0.5,544
31.4,0.5,541:540
31.4,0.5,536:535
31.4,0.5,531:532
31.4,0.5,1060
31.4,0.5,531:526
31.4,0.5,527
31.35,0.5,528:537
31.4,0.5,538:538
31.35,0.5,542:538
31.35,0.5,541:544
31.35,0.5,540:538
31.35,0.5,542
31.35,0.5,546:542
31.35,0.5,545:542
31.35,0.5,545:545
31.35,0.5,541:537
31.35,0.5,537:541
31.35,0.5,546
31.35,0.5,547:544:544
31.35,0.5,546
31.35,0.5,1088
31.35,0.5,1090
31.35,0.5,541
31.35,0.5,537:536:536
31.35,0.5,537
31.3,0.5,538:541
31.35,0.5,536:541
31.35,0.5,545:541
31.35,0.5,541:544
31.35,0.5,537:541
31.3,0.5,545
31.3,0.5,537:544:546
31.3,0.5,541
31.35,0.5,544:546
31.3,0.5,542:545
31.3,0.5,546:544
31.3,0.5,1092
31.3,0.5,546
31.3,0.5,547:538
31.3,0.5,544:544
31.3,0.5,541:536
31.3,0.5,537:540
31.3,0.5,541
31.3,0.5,535:541
31.3,0.5,545:541
31.3,0.5,538:545
31.3,0.5,550:546
31.3,0.5,549:546
31.3,0.5,550:546
31.3,0.5,546:551
31.3,0.5,544
31.3,0.5,545:546
31.3,0.5,547:541
31.3,0.5,542:541
31.3,0.5,545:546
31.3,0.5,545:546
31.3,0.5,546
31.3,0.5,537:541
31.25,0.5,545:540
31.25,0.5,544:546
31.25,0.5,541:547
31.25,0.5,550
31.25,0.5,1098
31.25,0.5,549:541
31.25,0.5,550:551
31.3,0.5,552:551
31.25,0.5,551:546
31.25,0.5,546:547
31.25,0.5,540
31.25,0.5,544:546
31.25,0.5,546:542
31.25,0.5,542:538
31.25,0.5,537
31.25,0.5,535:537
31.25,0.5,528:527
31.25,0.5,529:528
31.25,0.5,528:532
31.25,0.5,524:524
31.25,0.5,533:532
31.25,0.5,531:536
31.25,0.5,536:538
31.2,0.5,533:538
31.25,0.5,541
31.2,0.5,541:541
31.25,0.5,541:545
31.2,0.5,538:541
31.2,0.5,544
31.2,0.5,1087:546
31.2,0.5,545:542
31.2,0.5,544
31.2,0.5,541:540
31.2,0.5,541:537
31.2,0.5,538
31.2,0.5,540:535
31.2,0.5,533:532
31.2,0.5,536:540
31.2,0.5,541:538
31.2,0.4,541:546
31.2,0.4,541:545
31.2,0.5,540:542
31.2,0.5,541:541
31.15,0.4,542:541
31.15,0.4,538
31.2,0.5,545:546
31.15,0.4,541:545
31.15,0.4,549
31.15,0.4,544:544:540
31.15,0.4,547
31.15,0.4,551:556
31.15,0.4,490:533
31.15,0.4,533:533
31.15,0.4,533:680
31.15,0.4,550
31.15,0.4,546:546
31.15,0.4,1087
31.15,0.4,544:546
31.15,0.4,541:538
31.15,0.4,541:546
31.15,0.4,546:544
31.15,0.4,537
31.15,0.4,541:544
31.15,0.4,1075
31.15,0.4,536:533
31.15,0.4,531
31.15,0.4,529:528:529
31.15,0.4,526:524
31.15,0.4,533:533
31.1,0.4,537
31.1,0.4,537:536
31.15,0.4,541:546
31.1,0.4,537:544
31.1,0.4,546:542
31.1,0.4,546
31.1,0.4,546:541:546
31.1,0.4,550:544
31.1,0.4,546
31.15,0.4,
31.15,0.4,1626:544
31.1,0.4,537:531
31.1,0.4,538:544
31.1,0.4,544
31.1,0.4,546:547
31.1,0.4,546:549
31.05,0.4,552:550
31.1,0.4,551:552
31.05,0.4,546
31.05,0.4,1101
31.1,0.4,1087
31.05,0.4,537:542
31.05,0.4,546:545
31.05,0.4,545:550
31.05,0.4,546:549
31.05,0.4,549
31.05,0.4,550:542
31.05,0.4,541:545
31.05,0.4,542:540
31.05,0.4,537:546
31.05,0.4,547
31.05,0.4,550:546
31.1,0.4,547:549
31.05,0.4,542:547
31.05,0.4,550:546
31.05,0.4,541
31.05,0.4,542:546:547
31.05,0.4,547:550
31.05,0.4,546
31.05,0.4,550:550
31.05,0.4,549:547
31.05,0.4,554:550
31.05,0.4,554
31.05,0.4,547:544
31.05,0.4,541:547
31.05,0.4,550:550
31.05,0.4,544:547
31.05,0.4,550:545
31.05,0.4,544
31.05,0.4,544
31.05,0.4,1085:544
31.05,0.4,545
31.0,0.4,1087:546
31.05,0.4,546:551
31.05,0.4,551:546
31.0,0.4,545
31.05,0.4,1103
31.05,0.4,1103
31.05,0.4,554:552
31.05,0.4,545:550
31.0,0.4,550
31.05,0.4,541:546
31.05,0.4,546
31.05,0.4,538:541:540
31.05,0.4,541:541
31.0,0.4,538
31.0,0.4,536
31.05,0.4,1080:536
31.0,0.4,532:537
31.0,0.4,537:541
31.0,0.4,537:538
31.0,0.4,535:537
31.0,0.4,537:527
31.0,0.4,533:537
31.0,0.4,532
31.0,0.4,533:540
31.0,0.4,536:532
31.0,0.4,532:535
31.0,0.4,537:542
31.0,0.4,545:545
31.0,0.4,
31.0,0.4,545:1088
31.0,0.4,546:541
31.0,0.4,542:541
31.0,0.4,537:529
31.0,0.4,537:538
31.0,0.4,541:533
30.95,0.4,538:541
30.95,0.4,537
30.95,0.4,536:540
31.0,0.4,542:542
30.95,0.4,542:540
30.95,0.4,540
31.0,0.4,533:537:538
31.0,0.4,541
31.0,0.4,537:538
30.95,0.4,541:535
30.95,0.4,538:541
30.95,0.4,541:540
30.95,0.4,535:540
30.95,0.4,542
30.95,0.4,545:541:545
30.95,0.4,546
30.95,0.4,538:537
30.95,0.4,541:540
30.95,0.4,541:535
30.95,0.4,540
30.95,0.4,542:537:536
30.95,0.4,532
30.95,0.4,541:541
30.95,0.4,545:538
30.95,0.4,544
30.95,0.4,546:545
30.95,0.4,547:544
30.95,0.4,536:541
30.95,0.4,545
30.9,0.4,1080:541
30.9,0.4,536:533
30.95,0.4,536:541
30.9,0.4,542:537
30.9,0.4,538:541
30.9,0.4,542:540
30.9,0.4,542
30.9,0.4,545:540
30.9,0.4,541:540
30.9,0.4,545:546
30.9,0.4,546:546
30.9,0.4,546
30.9,0.4,544:541
30.9,0.4,538:541
30.9,0.4,546:546
30.9,0.4,546:547
30.95,0.4,550
30.9,0.4,540:552
30.9,0.4,550:545
30.9,0.4,549:546
30.9,0.4,545:541
30.9,0.4,536:531
30.9,0.4,432:513
30.9,0.4,614:535
30.9,0.4,532:535
30.9,0.4,532
30.9,0.4,592:533
30.9,0.4,532:533
30.9,0.4,527:532
30.9,0.4,536
30.9,0.4,529:524:528
30.9,0.4,532
30.9,0.4,531:526
30.9,0.4,527:524
30.9,0.4,532:532
30.9,0.4,531:532
30.9,0.4,535:531
30.9,0.4,533:527
30.85,0.4,529:532
30.9,0.4,527:527
30.9,0.4,528:526
30.9,0.4,527
30.9,0.4,526:524
30.9,0.4,524:523
30.85,0.4,526:515
30.9,0.4,527:526
30.9,0.4,523:532
30.9,0.4,527
30.9,0.4,1044:535
30.9,0.4,536
30.85,0.4,533:529:532
30.9,0.4,527
30.9,0.4,529:527
30.9,0.4,526:522
30.9,0.4,524:518
30.9,0.4,523:526
30.9,0.4,526:528
30.9,0.4,524
30.9,0.4,523:533
30.9,0.4,533:527:527
30.9,0.4,533
30.85,0.4,536
30.9,0.4,1075:540
30.9,0.4,537:537
30.9,0.4,545:550
30.9,0.4,550
30.9,0.4,542:544
30.9,0.4,546:542:545
30.9,0.4,542
30.9,0.4,537:540
30.85,0.4,533:545
30.9,0.4,550:550
30.85,0.4,547:551
30.85,0.4,555
30.85,0.4,555:554
30.85,0.4,559:552
30.85,0.4,552:544
30.85,0.4,551:556
30.85,0.4,555
30.85,0.4,555:550
30.85,0.4,544
30.85,0.4,546:546:546
30.85,0.4,547:547
30.85,0.4,549
30.85,0.4,550:547
30.85,0.4,541:542
30.85,0.4,545:545
30.85,0.4,544:545
30.8,0.4,542:545
30.8,0.4,546
30.85,0.4,537:537
30.85,0.4,538:538
30.8,0.4,545:547
30.8,0.4,542:536
30.8,0.4,1075
30.8,0.4,536:537
30.8,0.4,532
30.8,0.4,533:540
30.8,0.4,545:541
30.8,0.4,545:546
30.8,0.4,552:555
30.8,0.4,554
30.8,0.4,1116
30.8,0.4,552:558
30.8,0.4,559:550
30.75,0.4,555:556
30.8,0.4,584:523
30.75,0.4,550
30.75,0.4,555:558
30.75,0.4,552:550
30.75,0.4,551:555
30.75,0.4,558:552
30.75,0.4,559
30.75,0.4,561:552
30.75,0.4,558:555
30.75,0.4,555:555
30.75,0.4,555:546
30.75,0.4,549
30.75,0.4,550:555:551
30.75,0.4,546
30.75,0.4,549:547
30.75,0.4,1092
30.75,0.4,546:545
30.75,0.4,547
30.7,0.4,544:541
30.75,0.4,542:546
30.75,0.4,538:540
30.75,0.4,545:546
30.75,0.4,542:546
30.75,0.4,546
30.7,0.3,544:541
30.7,0.3,550:551
30.7,0.3,551
30.7,0.3,1103:549
30.65,0.3,551
30.7,0.3,1097:488
30.7,0.3,533:533
30.7,0.3,533
30.7,0.3,532:691
30.65,0.3,1108
30.65,0.3,552
30.65,0.3,555:546
30.65,0.3,546:541
30.65,0.3,549:550
30.65,0.3,545:537
30.65,0.3,544
30.65,0.3,546:544
30.65,0.3,544:547
30.65,0.3,550:546
30.65,0.3,546:545
30.65,0.3,542:542
30.65,0.3,546:545
30.65,0.3,542
30.65,0.3,542
30.65,0.3,1082:541
30.65,0.3,542:540
30.6,0.3,541:537
30.6,0.3,545:547
30.6,0.3,547
30.6,0.3,549
30.6,0.3,1088:546
30.6,0.3,546:541
30.6,0.3,537:542
30.6,0.3,546
30.6,0.3,1085:546
30.6,0.3,545:479
30.6,0.3,527:527
30.6,0.3,527
30.55,0.3,598:550
30.6,0.3,606:546
30.6,0.3,545
30.6,0.3,546:546
30.55,0.3,509:570
30.6,0.3,547:542
30.55,0.3,537:537
30.55,0.3,545:545
30.55,0.3,540:540
30.55,0.3,541
30.55,0.3,550:551
30.55,0.3,550:546
30.55,0.3,551:550
30.55,0.3,549:546
30.55,0.3,552:555
30.55,0.3,552:549
30.55,0.3,554
30.55,0.3,551:547
30.55,0.3,550:550
30.55,0.3,546
30.55,0.3,546:550:552
30.55,0.3,547
30.55,0.3,545:551
30.55,0.3,551:554
30.55,0.3,547:551
30.55,0.3,555
30.55,0.3,555:554
30.55,0.3,550:541
30.55,0.3,550:549
30.55,0.3,546:549
30.5,0.3,550:546
30.55,0.3,544:542
30.55,0.3,550
30.55,0.3,550:547
30.55,0.3,550:550
30.55,0.3,552:554
30.55,0.3,549:549
30.55,0.3,550
30.55,0.3,549:546
30.55,0.3,549:550
30.5,0.3,549:551
30.5,0.3,554:546
30.55,0.3,550
30.55,0.3,552:547
30.55,0.3,1090
30.5,0.3,550:551
30.5,0.3,549:541
30.5,0.3,547:554
30.5,0.3,555:551
30.5,0.3,556
30.5,0.3,558:551
30.5,0.3,555:555
30.5,0.3,551
30.5,0.3,1103:551
30.5,0.3,550
30.5,0.3,544:546
30.5,0.3,547:541
30.5,0.3,542:533
30.5,0.3,541
30.5,0.3,546:547
30.5,0.3,542:549
30.45,0.3,549:541
30.5,0.3,542:545
30.45,0.3,545
30.45,0.3,537:541:541
30.45,0.3,542:537
30.45,0.3,537:542
30.45,0.3,546
30.45,0.3,546:547
30.45,0.3,550:546
30.45,0.3,550:541
30.45,0.3,532:537
30.45,0.3,540
30.45,0.3,538:533
30.45,0.3,541:533
30.45,0.3,535:532
30.45,0.3,537:541
30.45,0.3,532:537
30.45,0.3,540
30.45,0.3,1069:538
30.4,0.3,529:537
30.4,0.3,537
30.45,0.3,533:533
30.4,0.3,536:541
30.4,0.3,538:536
30.4,0.3,537:528
30.4,0.3,532:535
30.4,0.3,535
30.4,0.3,474:519
30.4,0.3,519:519
30.4,0.3,601:545
30.4,0.3,544:537
30.4,0.3,540
30.4,0.3,563:546
30.4,0.3,560:563
30.4,0.3,617:561
30.4,0.3,563:560
30.35,0.3,564:561
30.4,0.3,552
30.4,0.3,558:560
30.35,0.3,559:559
30.4,0.3,563:556
30.4,0.3,1120
30.35,0.3,564
30.35,0.3,560:563
30.4,0.3,560:559
30.35,0.3,552:552
30.35,0.3,551
30.35,0.3,558
30.35,0.3,1123:564
30.35,0.3,1126
30.35,0.3,563:563
30.35,0.3,555
30.35,0.3,558:555
30.35,0.3,560:563
30.3,0.2,563:561
30.35,0.3,564:565
30.35,0.3,566
30.35,0.3,563:574
30.35,0.2,569:564
30.35,0.2,568
30.3,0.2,566:560
30.3,0.2,560:560
30.3,0.2,555:552
30.3,0.2,555:549
30.3,0.2,541
30.3,0.2,544:544
30.3,0.2,544:546:541
30.3,0.2,544
30.3,0.2,541:541
30.3,0.2,545:544
30.3,0.2,546
30.3,0.2,549:547:550
30.3,0.2,544
30.3,0.2,550:555
30.25,0.2,550:556
30.3,0.2,555:550
30.3,0.2,551
30.3,0.2,555:556
30.3,0.2,555:559
30.3,0.2,550:550
30.25,0.2,
30.25,0.2,1106:545
30.25,0.2,552:555:550
30.25,0.2,555
30.25,0.2,555:550
30.25,0.2,550:554
30.25,0.2,555
30.25,0.2,1101
30.25,0.2,555:558
30.25,0.2,555:560
30.25,0.2,560
30.2,0.2,555:555:555
30.25,0.2,549
30.25,0.2,554:555
30.2,0.2,550
30.2,0.2,1103
30.2,0.2,551:549:549
30.2,0.2,544
30.2,0.2,550:555:550
30.2,0.2,552
30.2,0.2,552:547
30.2,0.2,555
30.2,0.2,558:552:559
30.2,0.2,554
30.2,0.2,554:551
30.2,0.2,550:545
30.2,0.2,550
30.15,0.2,550:550:554
30.15,0.2,550
30.15,0.2,546:555
30.15,0.2,558:555
30.15,0.2,560
30.15,0.2,1113
30.15,0.2,560:561
30.15,0.2,556:559
30.15,0.2,555:546
30.15,0.2,552:552
30.15,0.2,554:549
30.15,0.2,552:547
30.15,0.2,547
30.15,0.2,550:551
30.15,0.2,544:542
30.15,0.2,546:546
30.15,0.2,544:546
30.1,0.2,545
30.1,0.2,544:545
30.1,0.2,541:544
30.1,0.2,546:538
30.1,0.2,540:542
30.1,0.2,546
30.1,0.2,547:544
30.1,0.2,549:551
30.1,0.2,546:550
30.1,0.2,550:545
30.1,0.2,549
30.1,0.2,551:547:550
30.1,0.2,550
30.05,0.2,546:549
30.05,0.2,554:550
30.05,0.2,555
30.05,0.2,1105
30.05,0.2,556:560
30.05,0.2,556:561
30.05,0.2,559
30.05,0.2,550:551:537
30.05,0.2,551:555
30.05,0.2,550
30.05,0.2,488:535
30.05,0.2,560:541
30.05,0.2,603:546
30.05,0.2,546:546
30.05,0.2,550:544
30.05,0.2,544:544
30.05,0.2,547
30.05,0.2,550:551
30.05,0.2,554
30.05,0.2,1110
30.0,0.2,556:555
30.0,0.2,551:555
30.05,0.2,555:551
30.0,0.2,555
30.0,0.2,555:559:555
30.0,0.2,558
30.0,0.2,556:563
30.0,0.2,556:561
30.0,0.2,564:563
30.0,0.2,564:563
30.0,0.2,558
30.0,0.2,561:560
29.95,0.2,554:558
29.95,0.2,559:555
30.0,0.2,552:550
30.0,0.2,547
29.95,0.2,541:537
29.95,0.2,537:533
29.95,0.2,537
29.95,0.2,1062:533
29.95,0.2,536:541
29.95,0.2,532
29.95,0.2,540:541
29.95,0.2,541:542:541
29.95,0.2,537
29.95,0.2,542
29.95,0.2,1085:545
29.95,0.2,547:542
29.9,0.1,547:542
29.95,0.1,544
29.9,0.1,542:550
29.95,0.1,546:552
29.9,0.1,558:551
29.95,0.1,555:559
29.9,0.1,
29.9,0.1,1110:549
29.9,0.1,1110
29.9,0.1,552:552
29.9,0.1,546:552
29.9,0.1,546:544
29.9,0.1,540
29.9,0.1,547:550
29.9,0.1,549:552
29.9,0.1,549:551
29.9,0.1,550:550
29.9,0.1,556
29.9,0.1,1110
29.85,0.1,555:558
29.9,0.1,550
29.9,0.1,1105:547
29.9,0.1,551
29.9,0.1,555:550
29.9,0.1,549:546
29.9,0.1,555:560
29.85,0.1,559:563
29.85,0.1,
29.85,0.1,1121:561
29.85,0.1,559:556
29.85,0.1,551:556
29.8,0.1,555:555
29.85,0.1,556
29.85,0.1,551:547
29.8,0.1,552:559
29.85,0.1,551:555
29.85,0.1,554:550
29.85,0.1,546
29.8,0.1,549:552
29.8,0.1,546:547
29.85,0.1,550:546
29.8,0.1,547:545
29.8,0.1,540
29.8,0.1,540:537
29.8,0.1,541:541:535
29.8,0.1,540
29.8,0.1,541:537
29.8,0.1,538:542
29.8,0.1,545:546
29.8,0.1,550:546
29.8,0.1,550
29.8,0.1,555
29.8,0.1,1103:564
29.8,0.1,550:549
29.8,0.1,547:552
29.8,0.1,558
29.8,0.1,1105
29.8,0.1,554:555
29.75,0.1,554:555
29.75,0.1,559
29.8,0.1,555:552
29.75,0.1,558:556
29.75,0.1,550:546
29.75,0.1,549:551
29.75,0.1,554:551
29.75,0.1,555
29.75,0.1,1100
29.75,0.1,552
29.75,0.1,1095:554
29.75,0.1,550:554
29.75,0.1,554:551
29.75,0.1,546
29.75,0.1,549:550
29.75,0.1,550:549
29.75,0.1,555:550
29.7,0.1,550
29.7,0.1,554:550
29.7,0.1,549:541
29.7,0.1,550:555
29.75,0.1,551:555
29.7,0.1,551:546
29.75,0.1,544:550
29.7,0.1,
29.7,0.1,1093:546
29.7,0.1,1092
29.7,0.1,546:546
29.7,0.1,541:538
29.7,0.1,538:542
29.7,0.1,546
29.7,0.1,550:551
29.7,0.1,551:544
29.7,0.1,546:549
29.7,0.1,544:541
29.65,0.1,546
29.7,0.1,1092:541
29.7,0.1,546
29.7,0.1,550:545
29.7,0.1,540:546
29.65,0.1,550:546
29.7,0.1,544:545
29.7,0.1,544
29.7,0.1,541:538
29.65,0.1,540:542
29.65,0.1,540
29.65,0.1,1618
29.65,0.1,541:541
29.65,0.1,541
29.65,0.1,544:540
29.65,0.1,537:541
29.65,0.1,541:533
29.65,0.1,540:540
29.65,0.1,532:528
29.65,0.1,540:537
29.65,0.1,
29.65,0.1,1070:537
29.65,0.1,532:535
29.65,0.1,538:538
29.65,0.1,541:546
29.65,0.1,540:541
29.65,0.1,1082
29.65,0.1,545
29.65,0.1,540:542
29.65,0.1,
29.65,0.1,541
29.65,0.1,1621:544:546
29.65,0.1,545:541
29.65,0.1,537
29.6,0.1,1095
29.65,0.1,551:556
29.6,0.1,555:555
29.6,0.1,560:555
29.65,0.1,558:551
29.65,0.1,550
29.65,0.1,554:546
29.65,0.1,537:546
29.65,0.1,541
29.65,0.1,537:532:532
29.65,0.1,536:538
29.65,0.1,541
29.6,0.1,535:536
29.65,0.1,537:538
29.6,0.1,536:538
29.65,0.1,537:538
29.6,0.1,540:540
29.6,0.1,538
29.6,0.1,1077
29.6,0.1,542:545:540
29.6,0.1,
29.6,0.1,1093:546
29.6,0.1,546:546
29.6,0.1,1083
29.6,0.1,540
29.6,0.1,537:542
29.6,0.1,547:550
29.55,0.1,550:552
29.6,0.1,551:552
29.6,0.1,546
29.6,0.1,547:550
29.55,0.1,550:547
29.6,0.1,550:550
29.6,0.1,541:540
29.55,0.1,544:546
29.55,0.1,547
29.55,0.1,545:541:546
29.6,0.1,545
29.55,0.1,544:546
29.6,0.1,544:542
29.55,0.1,538:536
29.6,0.1,540:538
29.6,0.1,535:537
29.55,0.1,537
29.55,0.1,536:535
29.55,0.1,537:533
29.55,0.1,535:536
29.55,0.1,537:535
29.55,0.1,537:537
29.55,0.1,533
29.6,0.1,533
29.6,0.1,1075:541:540
29.55,0.1,540
29.55,0.1,537:537
29.6,0.1,538:538
29.55,0.1,540:540
29.55,0.1,540:540
29.55,0.1,537
29.55,0.1,537:537
29.55,0.1,541:544
29.55,0.1,540:540
29.55,0.1,542:545
29.55,0.1,546:546
29.55,0.1,550
29.55,0.1,542:541
29.55,0.1,541:546
29.55,0.1,546:546
29.55,0.1,541:542
29.55,0.1,544:538
29.55,0.1,540:540
29.6,0.1,535
29.55,0.1,538:541
29.55,0.1,537:536
29.55,0.1,540:541
29.55,0.1,538:541
29.55,0.1,546:544
29.55,0.1,538
29.55,0.1,541:546
29.55,0.1,547:544
29.55,0.1,546:546
29.5,0.1,545
29.55,0.1,544:546:546
29.55,0.1,540
29.55,0.1,544:545:544
29.5,0.0,545
29.5,0.0,547:542
29.5,0.0,542:540
29.5,0.1,546:547
29.5,0.1,546:542
29.5,0.1,546
29.5,0.1,547:546
29.5,0.1,547:549
29.5,0.0,532:546
29.5,0.0,541:540
29.55,0.1,537
29.5,0.1,536:537
29.5,0.0,537:540
29.5,0.0,536:538
29.5,0.0,544:549
29.5,0.0,555:550
29.45,0.0,550:555
29.5,0.0,555:551
29.5,0.0,556
29.45,0.0,556:550
29.45,0.0,551:555
29.5,0.0,558:554
29.5,0.0,550
29.45,0.0,554:556
29.5,0.0,559:554
29.45,0.0,559:559
29.5,0.0,552:556
29.5,0.0,560
29.5,0.0,563
29.5,0.0,558:561
29.5,0.0,560:560:554
29.5,0.0,554:554
29.5,0.0,558:560
29.45,0.0,561
29.5,0.0,558:560
29.5,0.0,558:551
29.45,0.0,555:551
29.5,0.0,546
29.5,0.0,1097
29.5,0.0,545:541
29.5,0.0,545:549
29.45,0.0,551:545
29.5,0.0,550
29.45,0.0,547:544
29.45,0.0,536:538
29.45,0.0,538:541
29.5,0.0,532:533
29.5,0.0,529:532
29.45,0.0,533:532
29.45,0.0,536:531
29.45,0.0,521:477
29.45,0.0,518:517
29.45,0.0,518:517
29.45,0.0,596
29.5,0.0,596
29.45,0.0,1049:531
29.5,0.0,523:524
29.45,0.0,528:536
29.45,0.0,527:532
29.45,0.0,535
29.45,0.0,529:536
29.45,0.0,540:532
29.45,0.0,529
29.45,0.0,536:540:541
29.45,0.0,541:537
29.45,0.0,542:549
29.45,0.0,1090
29.45,0.0,546
29.45,0.0,542:537
29.45,0.0,541:547
29.45,0.0,
29.45,0.0,1636:547
29.45,0.0,547
29.45,0.0,541:540
29.45,0.0,538:544
29.45,0.0,544:547
29.45,0.0,542:535
29.45,0.0,540:545
29.45,0.0,540
29.4,0.0,536:537:538
29.45,0.0,
29.45,0.0,1082:532
29.45,0.0,541
29.45,0.0,1072:532
29.4,0.0,536
29.4,0.0,532:536:532
29.45,0.0,529:533
29.45,0.0,535
29.45,0.0,540:532
29.45,0.0,549:549
29.4,0.0,541:538
29.4,0.0,1088
29.45,0.0,537
29.45,0.0,541:545
29.4,0.0,540:541
29.4,0.0,529
29.45,0.0,544:546:547
29.45,0.0,541:546
29.45,0.0,550:546
29.45,0.0,549
29.4,0.0,546:550
29.4,0.0,550:544
29.4,0.0,550:554
29.4,0.0,546:551
29.4,0.0,
29.4,0.0,1100:551
29.4,0.0,555:550
29.4,0.0,554:558
29.45,0.0,555:558
29.4,0.0,563
29.45,0.0,556:555
29.4,0.0,555:564
29.4,0.0,558:558
29.45,0.0,555
29.45,0.0,1106:550
29.4,0.0,544
29.4,0.0,551:554
29.45,0.0,552:552
29.45,0.0,554:551
29.45,0.0,555:551
29.45,0.0,552
29.45,0.0,555:554
29.45,0.0,559
29.45,0.0,1113
29.45,0.0,1120
29.45,0.0,564:560
29.4,0.0,555:560
29.4,0.0,563:563
29.45,0.0,560
29.45,0.0,559:556:558
29.45,0.0,555
29.45,0.0,550:550
29.45,0.0,544:550
29.4,0.0,551:552
29.4,0.0,549:551
29.45,0.0,549
29.45,0.0,551:552
29.45,0.0,546:555
29.45,0.0,559:555
29.4,0.0,563
29.4,0.0,564:563
29.4,0.0,559:570
29.4,0.0,
29.4,0.0,1121:555
29.4,0.0,554:556
29.4,0.0,559:556:558
29.4,0.0,554
29.4,0.0,555:556
29.4,0.0,550:549
29.4,0.0,546:550
29.4,0.0,554
29.4,0.0,551:549
29.4,0.0,549:546
29.4,0.0,541
29.4,0.0,544
29.4,0.0,1633
29.4,0.0,1075
29.4,0.0,546:544
29.4,0.0,544:542
29.4,0.0,549:550
29.4,0.0,549
29.4,0.0,550:550:542
29.4,0.0,546:544
29.4,0.0,542
29.4,0.0,546:545
29.4,0.0,541:540
29.4,0.0,541:546
29.4,0.0,550:547
29.4,0.0,547
29.4,0.0,552:555
29.4,0.0,
29.4,0.0,1110:555:558
29.4,0.0,558
29.4,0.0,550:546
29.4,0.0,550:551
29.4,0.0,545
29.4,0.0,546:551:551
29.4,0.0,547
29.4,0.0,551:554:547
29.4,0.0,555
29.4,0.0,558:550
29.4,0.0,559:561
29.4,0.0,558:560
29.4,0.0,563
29.4,0.0,556:560
29.4,0.0,563
29.4,0.0,556:555
29.4,0.0,560:561
29.4,0.0,560:561
29.4,0.0,560:556
29.4,0.0,559
29.4,0.0,563:561:563
29.4,0.0,563
29.4,0.0,561:560
29.35,0.0,560:563
29.4,0.0,1111
29.4,0.0,549:555
29.35,0.0,560:556
29.4,0.0,556
29.4,0.0,560:550
29.4,0.0,555:555
29.4,0.0,550:550
29.4,0.0,542:550
29.35,0.0,554
29.4,0.0,558:555
29.4,0.0,558:550
29.4,0.0,555:555
29.4,0.0,554
29.4,0.0,555:554
29.4,0.0,556:558
29.4,0.0,555:561
29.35,0.0,564
29.35,0.0,559:563:563
29.4,0.0,560
29.4,0.0,555:551
29.35,0.0,555:561
29.35,0.0,556
29.35,0.0,1108
29.4,0.0,1110
29.35,0.0,555:559
29.4,0.0,554:551
29.35,0.0,546:555
29.35,0.0,560
29.35,0.0,563:561
29.35,0.0,563:556
29.4,0.0,564:563
29.35,0.0,558
29.35,0.0,561:560:551
29.35,0.0,555
29.35,0.0,550:546
29.4,0.0,546:541
29.35,0.0,540:545
29.35,0.0,536:541
29.4,0.0,538
29.4,0.0,546:554
29.35,0.0,559:564
29.4,0.0,565:564
29.4,0.0,568
29.4,0.0,561:561
29.4,0.0,561:560
29.35,0.0,554:556
29.4,0.0,555
29.4,0.0,551:550
29.35,0.0,555:560
29.4,0.0,556:561
29.4,0.0,560:560
29.4,0.0,559:561
29.4,0.0,560:555
29.4,0.0,551
29.4,0.0,555:556
29.35,0.0,560:555
29.35,0.0,555:552
29.4,0.0,554
29.4,0.0,1098
29.4,0.0,550:549
29.4,0.0,547:544
29.4,0.0,542:545
29.4,0.0,549:542
29.4,0.0,546
29.4,0.0,552:550
29.4,0.0,550:547
29.4,0.0,547:564
29.4,0.0,559:560
29.4,0.0,558:556
29.4,0.0,549
29.4,0.0,554:551
29.4,0.0,542:547
29.4,0.0,550:542
29.4,0.0,544:547
29.4,0.0,545
29.4,0.0,549:541
29.4,0.0,545:547
29.4,0.0,542:538
29.4,0.0,537
29.4,0.0,541:545
29.4,0.0,546:538
29.4,0.0,542:547:546
29.4,0.0,541
29.4,0.0,545:547
29.4,0.0,546:542
29.4,0.0,1093
29.4,0.0,546:549
29.4,0.0,550
29.4,0.0,547:551
29.45,0.0,555:550
29.4,0.0,555
29.4,0.0,560:555
29.4,0.0,560:560
29.4,0.0,552:551
29.4,0.0,558:556
29.4,0.0,556:556
29.45,0.0,558
29.4,0.0,554:555
29.4,0.0,558:551
29.4,0.0,555:558
29.45,0.0,555:554
29.45,0.0,558:560
29.4,0.0,560
29.45,0.0,563:561
29.45,0.0,559:560
29.45,0.0,561:561
29.45,0.0,563
29.45,0.0,560:552
29.45,0.0,556
29.4,0.0,560:555:560
29.45,0.0,560
29.4,0.0,556:559
29.4,0.0,556:561
29.45,0.0,560:554
29.45,0.0,552:552
29.45,0.0,556
29.4,0.0,560:550
29.45,0.0,551:555
29.45,0.0,556:556
29.4,0.0,560:556
29.4,0.0,561:560
29.45,0.0,558
29.4,0.0,563:563
29.4,0.0,563
29.4,0.0,1125
29.4,0.0,563:555
29.45,0.0,560:550
29.45,0.0,556:558
29.45,0.0,560
29.45,0.0,552:550
29.45,0.0,550
29.4,0.0,1111:556
29.45,0.0,558:551
29.4,0.0,555:558
29.4,0.0,550:552
29.4,0.0,555:555
29.45,0.0,552
29.4,0.0,546:549
29.45,0.0,546:554
29.4,0.0,555:555
29.4,0.0,555:555
29.4,0.0,555
29.4,0.0,555:551
29.4,0.0,547:555
29.4,0.0,558:554
29.45,0.0,554
29.4,0.0,559:560
29.4,0.0,554:560
29.4,0.0,563:560
29.4,0.0,559:564
29.4,0.0,565:563
29.4,0.0,568
29.4,0.0,566:574
29.4,0.0,569:570
29.4,0.0,560
29.4,0.0,566:552
29.4,0.0,563:538
29.4,0.0,549:550
29.4,0.0,551:542
29.4,0.0,546
29.4,0.0,550:541
29.4,0.0,555:549
29.4,0.0,551
29.4,0.0,555:552:555
29.4,0.0,555:550
29.4,0.0,560:564
29.4,0.0,560
29.4,0.0,565:558
29.4,0.0,560:561
29.4,0.0,564:563
29.4,0.0,564
29.4,0.0,561:561
29.4,0.0,560:569
29.4,0.0,558:564
29.4,0.0,558
29.4,0.0,554:560
29.4,0.0,561
29.4,0.0,554:555:549
29.4,0.0,555
29.4,0.0,551:551
29.4,0.0,547:490:595
29.4,0.0,546
29.4,0.0,541:546
29.4,0.0,547:541
29.4,0.0,551:546
29.4,0.0,546:546
29.4,0.0,546
29.4,0.0,550:556
29.4,0.0,554:564
29.4,0.0,558
29.4,0.0,1118
29.4,0.0,564:554
29.4,0.0,561:555
29.4,0.0,550
29.4,0.0,546:549:550
29.4,0.0,550
29.4,0.0,546:542:549
29.35,0.0,555
29.35,0.0,551:556
29.35,0.0,561:554
29.4,0.0,560:564
29.35,0.0,563
29.4,0.0,565:564
29.4,0.0,563:565
29.35,0.0,560:558
29.35,0.0,560
29.35,0.0,559:559
29.35,0.0,559:559
29.35,0.0,550:556
29.35,0.0,558
29.35,0.0,551:555
29.35,0.0,560:559
29.35,0.0,560:565
29.35,0.0,572:566
29.35,0.0,570:564
29.35,0.0,560
29.35,0.0,1123
29.35,0.0,555:549
29.35,0.0,555:555
29.3,0.0,550
29.35,0.0,558:560
29.35,0.0,555:563
29.3,0.0,560:554
29.35,0.0,1105
29.35,0.0,560
29.3,0.0,563:561
29.3,0.0,564:565
29.3,0.0,563:565
29.3,0.0,560
29.3,0.0,564:565
29.3,0.0,560:563
29.3,0.0,564:558
29.3,0.0,561:565
29.3,0.0,563
29.3,0.0,563:566
29.3,0.0,583:569
29.3,0.0,573:578
29.3,0.0,569
29.3,0.0,563:569
29.3,0.0,564:564
29.3,0.0,560
29.35,0.0,1120
29.3,0.0,1120
29.3,0.0,563:560
29.3,0.0,563:563
29.35,0.0,560
29.35,0.0,555:559:560
29.3,0.0,555
29.3,0.0,559:555
29.35,0.0,549:550
29.35,0.0,554:549
29.35,0.0,554:550
29.35,0.0,550
29.35,0.0,546:555
29.35,0.0,559:555
29.35,0.0,558
29.35,0.0,560:555
29.35,0.0,556:559
29.35,0.0,559:560
29.35,0.0,563:560
29.35,0.0,564
29.35,0.0,564:563
29.35,0.0,559:555
29.35,0.0,560:558
29.35,0.0,550:555
29.35,0.0,561:560
29.4,0.0,556
29.35,0.0,558:558
29.4,0.0,554:555
29.35,0.0,556
29.4,0.0,1108:552
29.35,0.0,554
29.4,0.0,552:550
29.4,0.0,551:552
29.4,0.0,550:550
29.4,0.0,546:546
29.35,0.0,546
29.4,0.0,538:537
29.4,0.0,524:538
29.35,0.0,541:541
29.35,0.0,541:541
29.4,0.0,542:538
29.35,0.0,545:541
29.4,0.0,542:546
29.4,0.0,549
29.4,0.0,542
29.4,0.0,1093:546
29.4,0.0,547:545
29.4,0.0,546
29.4,0.0,544:546
29.35,0.0,541:545
29.4,0.0,541:547
29.4,0.0,552:550
29.4,0.0,550:552
29.35,0.0,558
29.4,0.0,550:554
29.4,0.0,558:550
29.4,0.0,552:556
29.4,0.0,555:554
29.4,0.0,552:547
29.4,0.0,550
29.4,0.0,551:547
29.4,0.0,546:542
29.4,0.0,549
29.4,0.0,547:546:541
29.4,0.0,540:477
29.4,0.0,527
29.4,0.0,527:527
29.4,0.0,527:648
29.4,0.0,544:538
29.4,0.0,542
29.4,0.0,549:549:549
29.4,0.0,552:552
29.4,0.0,549
29.35,0.0,552:555
29.4,0.0,552
29.4,0.0,555:554:552
29.35,0.0,554:552
29.4,0.0,551
29.4,0.0,554:551
29.4,0.0,550:546
29.4,0.0,552
29.4,0.0,555:555:554
29.4,0.0,556
29.35,0.0,559:558
29.4,0.0,560
29.4,0.0,558:555:556
29.35,0.0,558
29.35,0.0,550:546:550
29.35,0.0,554
29.35,0.0,555:550
29.35,0.0,554:555
29.4,0.0,554:556
29.35,0.0,560
29.35,0.0,560
29.35,0.0,564:564
29.35,0.0,569:564:561
29.35,0.0,559
29.4,0.0,563:560
29.4,0.0,560:561
29.35,0.0,556:560
29.35,0.0,560
29.35,0.0,560:563
29.35,0.0,558:563
29.35,0.0,564:563
29.35,0.0,569:566
29.35,0.0,563:563
29.35,0.0,560
29.35,0.0,568:573
29.35,0.0,569:574
29.35,0.0,574:574
29.35,0.0,574
29.35,0.0,569:573
29.35,0.0,572:568
29.35,0.0,570
29.35,0.0,569:563
29.35,0.0,564:569
29.3,0.0,565:568
29.35,0.0,564
29.35,0.0,569:564
29.3,0.0,563:561
29.35,0.0,563:564
29.35,0.0,564
29.3,0.0,558:561
29.3,0.0,558:555
29.35,0.0,558:555
29.35,0.0,555
29.3,0.0,559:555:555
29.3,0.0,552
29.3,0.0,550:547
29.3,0.0,547:547
29.3,0.0,552:555
29.3,0.0,555:554
29.3,0.0,560
29.3,0.0,560:560
29.3,0.0,565:569
29.35,0.0,569:568
29.3,0.0,570
29.3,0.0,563:563
29.3,0.0,564:563
29.3,0.0,561:564
29.3,0.0,563:563
29.3,0.0,565
29.3,0.0,564:563
29.3,0.0,564:566
29.3,0.0,566:566
29.3,0.0,565
29.3,0.0,566:563
29.35,0.0,564:561
29.3,0.0,558:560
29.3,0.0,556
29.3,0.0,565:570
29.3,0.0,568:569
29.3,0.0,565:569
29.3,0.0,565:565
29.35,0.0,563:564
29.3,0.0,547
29.3,0.0,1100
29.3,0.0,554:559
29.3,0.0,555:554
29.3,0.0,551:560
29.3,0.0,564
29.3,0.0,561:558
29.3,0.0,565:566
29.3,0.0,561
29.3,0.0,565:564
29.3,0.0,560:564
29.3,0.0,569:563
29.3,0.0,561
29.3,0.0,564:569
29.3,0.0,564:569
29.3,0.0,566:570
29.3,0.0,573:566
29.3,0.0,564
29.3,0.0,563:561
29.3,0.0,569:574
29.3,0.0,569:568
29.3,0.0,569
29.3,0.0,569:568
29.3,0.0,565:564
29.3,0.0,559
29.3,0.0,560:563
29.3,0.0,560:556
29.3,0.0,563:569
29.3,0.0,563:569
29.3,0.0,569
29.3,0.0,501:621:560
29.3,0.0,565
29.3,0.0,569:568
29.3,0.0,565:564
29.3,0.0,563:563
29.3,0.0,563
29.3,0.0,564:563
29.3,0.0,563:563
29.3,0.0,555:555
29.3,0.0,560
29.3,0.0,561:556
29.3,0.0,558:555
29.3,0.0,564:565
29.3,0.0,563
29.3,0.0,564:564
29.3,0.0,559:561
29.3,0.0,563:563
29.3,0.0,565:570
29.3,0.0,565:566
29.3,0.0,569
29.3,0.0,565:565
29.3,0.0,574:574
29.3,0.0,573
29.3,0.0,574:568
29.3,0.0,565:573
29.3,0.0,570:565
29.3,0.0,561
29.3,0.0,566:570
29.3,0.0,566:568
29.3,0.0,566:570
29.3,0.0,570
29.3,0.0,564:560
29.3,0.0,560:552
29.3,0.0,555
29.3,0.0,552:550:551
29.3,0.0,550:555
29.3,0.0,546
29.3,0.0,550:544
29.3,0.0,556:559
29.3,0.0,555:552
29.3,0.0,550
29.3,0.0,550:551
29.3,0.0,550:550
29.3,0.0,550:545
29.3,0.0,546:546
29.3,0.0,554
29.3,0.0,556:555
29.3,0.0,552:558
29.3,0.0,563:560
29.3,0.0,564:566
29.3,0.0,561:564
29.3,0.0,564
29.3,0.0,558:560
29.3,0.0,563:559
29.3,0.0,561:558
29.3,0.0,560:555
29.3,0.0,556
29.3,0.0,552:559
29.3,0.0,563:564
29.3,0.0,560:503
29.3,0.0,546:546
29.3,0.0,612
29.3,0.0,574:575
29.3,0.0,637
29.3,0.0,580:578
29.3,0.0,577
29.3,0.0,578:574:577
29.3,0.0,573:565
29.3,0.0,569
29.3,0.0,570:568
29.3,0.0,572:570
29.3,0.0,563:565
29.3,0.0,569
29.3,0.0,565:568
29.25,0.0,574:569
29.3,0.0,573:574
29.3,0.0,564
29.25,0.0,569:569
29.25,0.0,561:560
29.25,0.0,555
29.25,0.0,563:565
29.25,0.0,568:556
29.25,0.0,560:564
29.3,0.0,569:568
29.25,0.0,568:564
29.3,0.0,566
29.25,0.0,566:559
29.3,0.0,560:555
29.25,0.0,560:564
29.25,0.0,569
29.25,0.0,563:564
29.25,0.0,569:563
29.3,0.0,565:565
29.25,0.0,564
29.25,0.0,560:563
29.25,0.0,566:564
29.25,0.0,1129
29.3,0.0,569
29.25,0.0,563:565
29.25,0.0,566:560
29.25,0.0,561:564
29.25,0.0,564:563
29.25,0.0,564
29.25,0.0,559:560
29.25,0.0,563:563
29.25,0.0,563:561
29.25,0.0,558:563
29.25,0.0,564
29.25,0.0,561
29.25,0.0,566:566:565
29.25,0.0,565:569
29.25,0.0,574
29.25,0.0,572:572
29.2,0.0,569
29.25,0.0,569:568
29.25,0.0,560:560:559
29.2,0.0,556
29.2,0.0,554:547
29.2,0.0,552:556
29.25,0.0,551
29.25,0.0,499:541:540
29.25,0.0,541:541
29.2,0.0,741
29.25,0.0,569:565
29.2,0.0,569
29.2,0.0,574:570
29.2,0.0,564:564
29.2,0.0,
29.2,0.0,1139:568
29.2,0.0,572:566
29.2,0.0,569
29.2,0.0,566:566:569
29.2,0.0,563:565
29.2,0.0,
29.2,0.0,1128:560
29.2,0.0,561:569
29.2,0.0,572:574
29.2,0.0,575
29.2,0.0,574:573
29.2,0.0,568:572
29.2,0.0,569:573
29.2,0.0,573
29.2,0.0,570:572
29.2,0.0,564:564
29.2,0.0,560
29.2,0.0,568:572
29.2,0.0,566:574
29.2,0.0,574:564
29.2,0.0,572:570
29.2,0.0,568:569
29.2,0.0,573
29.2,0.0,570:568
29.2,0.0,564:568
29.2,0.0,565
29.2,0.0,565:563
29.2,0.0,564:561
29.2,0.0,560:555
29.2,0.0,558
29.2,0.0,555:545
29.2,0.0,552:550
29.2,0.0,544:550
29.2,0.0,546
29.2,0.0,540:537:544
29.2,0.0,550
29.2,0.0,551:550:558
29.2,0.0,551
29.2,0.0,549:550
29.2,0.0,546
29.2,0.0,1093:544
29.2,0.0,542:542
29.2,0.0,540
29.2,0.0,542:545
29.2,0.0,541:547
29.2,0.0,547:542
29.2,0.0,541:551
29.2,0.0,554
29.2,0.0,552:552
29.2,0.0,555:551
29.2,0.0,554:558
29.2,0.0,550:558
29.2,0.0,559
29.2,0.0,551:550
29.2,0.0,545:549
29.2,0.0,551:547
29.2,0.0,546:549
29.2,0.0,556:559
29.2,0.0,560
29.25,0.0,555:556
29.2,0.0,563:564
29.2,0.0,558:564
29.2,0.0,566
29.2,0.0,563:564
29.2,0.0,565:558
29.2,0.0,561:561
29.2,0.0,563
29.2,0.0,564:559
29.2,0.0,561:561
29.2,0.0,555:554
29.2,0.0,
29.2,0.0,
29.2,0.0,2811
29.2,0.0,564:565
29.2,0.0,566:563
29.2,0.0,569:568
29.2,0.0,565
29.2,0.0,569:568
29.2,0.0,565:569
29.2,0.0,565:564
29.2,0.0,569
29.2,0.0,560:558
29.25,0.0,563:538
29.2,0.0,552:555
29.25,0.0,555
29.25,0.0,551:542
29.25,0.0,555:556
29.25,0.0,560:560
29.25,0.0,561:560
29.25,0.0,561:555
29.2,0.0,559
29.25,0.0,559:559
29.25,0.0,561:561
29.25,0.0,563
29.2,0.0,564:560:561
29.2,0.0,560
29.25,0.0,564:559
29.25,0.0,558:563
29.25,0.0,556:560
29.25,0.0,560
29.25,0.0,556:561
29.25,0.0,555:561
29.25,0.0,561:559
29.25,0.0,563:558
29.25,0.0,561:559
29.25,0.0,563
29.3,0.0,561:563
29.25,0.0,563:564
29.25,0.0,563:558
29.25,0.0,560
29.25,0.0,561:556
29.3,0.0,558:554
29.25,0.0,554:549
29.25,0.0,551
29.3,0.0,550:544
29.25,0.0,552:549
29.25,0.0,550:561
29.3,0.0,552:564
29.25,0.0,558:564
29.25,0.0,555
29.25,0.0,561:555
29.25,0.0,550:550
29.25,0.0,554:556
29.25,0.0,555
29.25,0.0,549:552
29.25,0.0,1103
29.25,0.0,550:551
29.25,0.0,549
29.25,0.0,546:550:555
29.2,0.0,549
29.2,0.0,550:555
29.25,0.0,552:549
29.25,0.0,550:551
29.25,0.0,556:560
29.2,0.0,555
29.25,0.0,552:554:550
29.2,0.0,550
29.2,0.0,552:551
29.2,0.0,550:554
29.2,0.0,552:550
29.2,0.0,558
29.2,0.0,559:555
29.2,0.0,554:564
29.2,0.0,555
29.15,0.0,561:561
29.15,0.0,559:560
29.15,0.0,564:563
29.15,0.0,561:563
29.15,0.0,563
29.15,0.0,563:559
29.15,0.0,564:560
29.15,0.0,564:568
29.15,0.0,566:568
29.1,0.0,566:569
29.1,0.0,564
29.1,0.0,565
29.1,0.0,560:564
29.1,0.0,560:564:563
29.1,0.0,563
,,
