time,heartrate,altitude,temp,hrv,core_temperature,respiration
0,89,105.0,19,,31.22,
1,91,105.2,19,651:658,31.22,
3,86,105.0,19,728:736,31.22,
4,84,105.0,19,755,31.22,
5,81,105.0,19,801,31.22,23.62
6,79,105.0,19,777,31.22,23.62
7,78,105.2,19,773:765,31.22,23.62
9,80,105.2,19,712,31.22,23.62
10,84,105.2,19,689:660,31.22,22.44
11,87,105.2,19,643,31.22,22.44
12,92,105.2,19,629:638,31.22,22.44
13,94,105.2,19,620:629,31.22,22.44
15,95,105.4,19,541:598:736,31.22,22.83
18,96,105.4,19,509,31.22,22.83
19,98,105.4,19,630:603,31.22,22.83
20,99,105.4,19,589:572,31.22,22.83
21,101,105.4,19,583,31.22,22.83
22,104,105.4,19,574:575,31.22,22.83
23,104,105.4,19,582,31.22,22.83
24,103,105.4,19,582:573:578,31.22,21.91
25,104,105.4,19,572,31.22,21.91
26,105,105.4,19,572:574,31.22,21.91
29,106,105.2,19,555,31.22,21.91
30,107,105.2,19,570:547,31.22,20.91
31,108,105.2,19,555:556,31.22,20.91
33,109,105.2,19,551:554,31.22,20.91
36,110,105.2,19,545:541,31.22,22.99
40,111,105.2,19,479:588,31.22,23.99
42,113,105.2,19,463:601,31.22,23.99
44,114,105.2,19,527:532,31.22,23.99
45,113,105.2,19,532:522,31.22,23.87
48,114,105.2,19,529:527,31.22,23.87
50,115,105.2,19,1042,31.22,25.36
53,116,105.2,19,518:508,31.22,25.36
55,117,105.0,19,503:509,31.22,27.53
56,118,105.0,19,504:513,31.22,27.53
58,120,104.8,19,497:500,31.22,27.53
61,121,104.8,19,490:501,31.22,27.8
62,122,104.8,19,486:495:492,31.22,27.8
64,123,104.8,19,488:488,31.22,28.38
69,124,104.8,19,486:490,31.22,29.15
75,123,105.0,19,469:488,31.22,29.28
76,124,105.0,19,474:486,31.22,29.28
78,125,105.0,19,954:499,31.22,29.28
79,124,105.0,19,479:483:481,31.22,28.18
81,125,105.0,19,479:481,31.22,28.18
84,126,105.0,19,476:488,31.22,29.02
86,125,104.8,19,485:453:497,31.22,29.02
90,126,104.8,19,476:479,31.22,28.4
93,127,104.8,19,479:474,31.22,28.4
94,126,104.8,19,483:472:479,31.22,28.78
102,127,104.6,19,945,31.22,30.21
103,126,104.6,19,479:467:477,31.22,30.21
106,127,104.6,19,474:472,31.22,30.77
109,128,104.4,19,472:462,31.22,30.77
110,127,104.4,19,479:476,31.22,30.75
111,126,104.4,19,470:476,31.22,30.75
113,127,104.4,19,465:472,31.22,30.75
116,128,104.6,19,479:455,31.22,30.34
117,127,104.8,19,474:476,31.22,30.34
118,128,104.8,19,465:467,31.22,30.34
119,129,104.8,19,481:462:465,31.22,30.46
120,128,104.8,19,472:469,31.22,30.46
123,129,104.8,19,467:472,31.22,30.46
124,128,105.0,19,470:467,31.22,30.46
137,128,105.2,19,472:474,31.22,31.81
139,129,105.2,19,467:465,31.22,31.81
142,128,105.2,19,467:469:467,31.22,32.23
145,129,105.2,18,460:465,31.22,32.9
147,130,105.2,18,469:460,31.22,32.9
148,129,105.2,18,469:463,31.22,32.9
152,128,105.2,18,460:472,31.22,32.17
153,129,105.2,18,462:462,31.22,32.17
155,128,105.2,18,460:469:465,31.22,31.68
157,129,105.2,18,465:460,31.22,31.68
158,128,105.2,18,474:474,31.22,31.68
160,129,105.2,18,465:465,31.22,30.96
161,128,105.2,18,469:469:467,31.22,30.96
162,129,105.2,18,465:477,31.22,30.96
165,127,105.2,18,483:476,31.22,29.7
166,128,105.2,18,463:465,31.22,29.7
176,129,105.2,18,462:470,31.22,28.68
178,128,105.0,18,470:469,31.22,28.68
181,129,105.0,18,465:465,31.22,28.57
183,128,105.0,18,935:469,31.22,28.57
185,129,105.0,18,465:467,31.22,28.1
186,128,105.0,18,467:465,31.22,28.1
187,129,105.0,18,462:462,31.22,28.1
193,130,105.2,18,465:463,31.22,27.39
194,129,105.2,18,474:469,31.22,27.71
195,128,105.2,18,470:462,31.22,27.71
196,129,105.2,18,930:465,31.22,27.71
199,130,105.2,18,453:479,31.22,27.92
201,129,105.2,18,465:458,31.22,27.92
202,130,105.2,18,462:453,31.22,27.92
203,131,105.2,18,458:449,31.22,27.92
211,132,105.2,18,453:462,31.22,29.99
212,130,105.4,18,469:453,31.22,29.99
214,129,105.4,18,465:465,31.22,32.2
215,130,105.4,18,456:460,31.22,32.2
221,129,105.4,18,465:476:453,31.22,33.28
225,130,105.4,18,460:463,31.22,32.42
227,129,105.4,18,469:919,31.22,32.42
228,130,105.4,18,463:460,31.22,32.42
231,129,105.4,18,465:460,31.22,31.06
233,131,105.4,18,453:455,31.22,31.06
240,132,105.2,18,453:462,31.22,33.23
241,131,105.2,18,456:462:453,31.22,33.23
242,130,105.2,18,462:467,31.22,33.23
243,131,105.2,18,451:456:460,31.22,33.23
248,134,105.4,18,437:442:512,31.22,34.35
251,130,105.6,18,467:467:463,31.22,34.71
252,129,105.6,18,469:465,31.22,34.71
255,130,105.6,18,467:458,31.22,32.98
257,129,105.6,18,469:462,31.22,32.98
259,128,105.6,18,472:469:458:469,31.22,33.8
262,129,105.6,18,460:465,31.22,33.8
263,130,105.6,18,474:460:455,31.22,33.8
265,129,105.6,18,465:460,31.22,35.13
266,130,105.6,18,463:458,31.22,35.13
273,131,105.4,18,451,31.22,36.41
275,132,105.4,18,453:458:448,31.22,34.51
277,131,105.6,18,460:455,31.22,34.51
283,132,105.6,18,453:451,31.22,33.64
284,131,105.6,18,460:472,31.22,32.66
288,132,105.6,19,456:465,31.22,32.66
289,131,105.6,19,456:458,31.22,32.4
298,130,105.6,19,462:462,31.22,32.23
300,131,105.6,19,470:451,31.22,32.12
302,130,105.6,19,462:465,31.22,32.12
303,131,105.6,19,456:456:462,31.22,32.12
304,132,105.6,19,453:449,31.22,32.04
305,131,105.6,19,460:465,31.22,32.04
314,130,105.8,19,456:462,31.22,33.92
315,131,105.8,19,449:460,31.22,33.92
320,132,105.8,19,455:453:469,31.22,33.64
321,131,105.8,19,912,31.22,33.64
323,132,105.8,19,453:453,31.22,33.64
325,131,105.8,19,458:451,31.22,34.63
326,132,105.8,19,453:458,31.22,34.63
331,133,105.8,19,451:458,31.22,32.93
334,132,105.6,19,456:449:456,31.22,34.16
335,133,105.6,19,449:448,31.22,34.16
336,132,105.6,19,456:458,31.22,34.16
338,133,105.4,19,453:449,31.22,34.16
339,132,105.4,19,455:456,31.22,34.16
342,131,105.4,19,465:458:460,31.22,35.37
347,132,105.4,19,451:453,31.22,36.57
353,131,105.8,19,460:1828:458,31.22,35.01
359,132,105.6,19,455:453:458,31.22,34.59
360,131,105.6,19,458:453,31.22,34.59
362,132,105.6,19,451:453,31.22,34.59
363,131,105.6,19,460:460,31.22,34.59
365,130,105.8,19,460:460,31.22,36.05
371,131,105.8,19,453:455,31.22,35.45
372,132,105.8,19,483:449,31.22,35.45
374,131,105.8,19,456:479,31.22,34.26
375,128,105.8,19,517:453,31.22,34.26
376,129,105.8,19,462:456,31.22,34.26
377,131,105.8,19,453:460:458,31.22,34.26
380,130,105.6,19,460:460,31.22,35.44
386,129,105.6,19,467:462,31.22,33.07
387,130,105.6,19,458:456,31.22,33.07
388,131,105.6,19,465:458,31.22,33.07
392,130,105.6,19,463:462,31.22,31.89
395,131,105.6,19,458:456,31.22,30.31
405,130,105.8,19,465:462:460,31.22,32.24
407,131,105.8,19,456:455,31.22,32.24
409,132,105.8,19,902,31.22,33.3
410,133,105.8,19,460:451:453,31.22,33.3
411,132,105.8,19,453:453,31.22,33.3
414,133,105.8,19,453:451,31.22,34.4
416,132,105.8,19,912:453,31.22,34.4
424,133,105.6,19,456:449:451,31.22,32.48
426,134,105.8,19,451:442,31.22,32.48
429,133,105.8,19,451:442,31.22,32.48
430,132,105.8,19,455:456:449,31.22,31.5
431,133,105.8,19,451:453,31.22,31.5
432,132,105.8,19,453:451,31.22,31.5
434,133,105.8,19,451:458,31.22,31.5
438,132,105.8,19,455:448:455,31.22,30.84
440,133,105.8,19,451:451,31.22,31.19
449,132,105.8,19,455:453,31.22,31.81
461,133,105.6,19,448:455,31.22,31.56
462,132,105.6,19,453:453,31.22,31.56
463,133,105.4,19,902,31.22,31.56
470,132,105.8,19,453:449,31.22,30.95
471,133,105.8,19,451:458,31.22,30.95
473,134,105.8,19,446:446,31.22,30.95
475,133,105.8,19,458:446,31.22,32.45
478,132,105.8,19,902:456,31.22,32.45
481,133,105.8,19,444:449,31.22,32.26
484,135,105.8,19,448:442:441,31.22,34.1
485,133,105.8,19,456:456,31.22,34.1
492,134,105.8,19,444:449,31.22,35.33
495,135,105.8,19,441:446:446,31.22,34.97
497,134,105.6,19,451:455,31.22,34.97
503,135,105.4,19,444:442:442,31.22,34.34
505,134,105.4,19,449:446,31.22,34.7
509,135,105.6,19,892,31.22,35.73
510,134,105.6,19,442:449,31.22,35.73
520,135,105.4,19,437:442:442,31.22,35.56
531,134,105.8,19,446:446,31.22,35.88
533,133,105.8,19,448:451:451,31.22,35.88
538,134,105.8,19,444:446,31.22,36.13
541,135,105.6,19,442:889,31.22,36.29
543,134,105.6,19,446:446,31.22,36.29
546,133,105.6,19,442:455:455,31.22,35.61
548,134,105.6,19,449:446,31.22,35.61
554,135,105.6,19,444:441,31.22,36.82
556,134,105.6,19,455:446,31.22,36.82
558,133,105.6,19,456:439:451,31.22,36.82
560,134,105.6,19,446:446,31.22,37.14
563,135,105.6,19,444:437:448,31.22,37.14
564,134,105.6,19,449:444,31.22,37.36
565,135,105.6,19,446:444,31.22,37.36
567,134,105.6,19,446:442:448,31.22,37.36
568,135,105.6,19,441:444,31.22,37.36
571,134,105.6,19,446,31.22,37.5
575,133,105.4,19,449:449:442,31.22,37.21
576,134,105.4,19,446:446,31.22,37.21
580,135,105.4,19,441:444,31.22,37.8
583,133,105.4,19,456:453,31.22,37.8
584,134,105.4,19,444:448:449,31.22,38.19
588,135,105.4,19,444,31.22,38.19
596,134,105.4,19,451:449:439,31.22,37.44
599,135,105.4,19,444,31.22,37.44
610,134,105.4,19,449:451,31.22,36.99
611,133,105.4,19,446:449,31.22,36.99
613,134,105.4,19,446:449:444,31.22,36.99
617,133,105.4,19,451:448,31.22,37.65
619,134,105.4,19,444:453,31.22,38.09
620,135,105.4,19,444:442:448,31.22,38.09
621,134,105.4,19,451:435,31.22,38.09
622,135,105.4,19,446:446,31.22,38.09
632,136,105.4,19,444:439,31.22,37.92
638,135,105.2,19,441:444,31.22,36.31
645,136,105.4,19,441:441:444,31.22,36.74
647,137,105.4,19,437:442,31.22,36.74
648,136,105.4,19,444:442,31.22,36.74
649,135,105.4,19,449:442:439,31.22,36.7
654,136,105.4,19,442:435,31.22,37.06
655,134,105.4,19,451:451,31.22,37.06
656,135,105.4,19,441:444:444,31.22,37.06
660,134,105.4,19,446:449:437,31.22,36.91
661,136,105.4,19,439:444,31.22,36.91
662,135,105.4,19,444:444,31.22,36.91
667,134,105.4,19,448:444:446,31.22,37.21
668,135,105.4,19,444:453:444,31.22,37.21
671,134,105.4,19,451:449,31.22,37.4
676,135,105.4,19,441:446,31.22,36.74
680,134,105.4,19,1350:442,31.22,37.09
681,133,105.4,19,449:453,31.22,37.09
682,135,105.4,19,441:442:446,31.22,37.09
684,134,105.4,19,446:449:474,31.22,35.36
694,133,105.4,19,451:444:451,31.22,37.5
695,134,105.4,19,444:449,31.22,37.5
700,133,105.4,19,449:451,31.22,36.81
703,134,105.4,19,453:449,31.22,36.81
704,133,105.4,19,449:442,31.22,35.17
705,135,105.4,19,446:439,31.22,35.17
708,134,105.4,19,448:441,31.22,35.17
709,135,105.4,19,446:442,31.22,33.29
711,136,105.4,19,442:451:432,31.22,33.29
712,135,105.4,19,444:446,31.22,33.29
714,134,105.2,19,449:449,31.22,33.29
716,133,105.2,19,453:894,31.22,34.79
717,134,105.2,19,446:453,31.22,34.79
725,133,105.2,19,451:451,31.22,36.85
732,134,105.2,19,446,31.22,37.56
736,135,105.2,19,444:449:435,31.22,36.85
740,136,105.4,19,442:437:439,31.22,36.77
742,135,105.4,19,441:444,31.22,36.77
745,136,105.4,19,442:437:441,31.22,35.93
755,138,105.2,19,435:435:441,31.22,36.18
756,137,105.2,19,437:439,31.22,36.18
761,136,105.4,19,1312:439:439,31.22,37.11
763,137,105.4,19,437:437:441,31.22,37.11
766,139,105.4,19,430:430,31.22,36.55
769,137,105.2,19,439:439,31.22,36.55
773,136,105.2,19,444:437,31.22,34.21
774,137,105.0,19,435:442:437,31.22,33.04
783,136,105.4,19,437:446,31.22,33.84
785,137,105.4,19,437:439,31.22,33.97
787,136,105.4,19,1324:441,31.22,33.97
792,135,105.4,19,444:442:444,31.22,34.85
797,136,105.4,19,441:442:442,31.22,35.05
799,135,105.4,19,444:446:441,31.22,36.35
800,136,105.4,19,433:444,31.22,36.35
801,135,105.4,19,446:441,31.22,36.35
808,134,105.4,19,446:449:444,31.22,35.26
811,133,105.4,19,451:446,31.22,35.71
812,134,105.4,19,444:446,31.22,35.71
815,135,105.4,19,442:444:446,31.22,36.8
820,134,105.4,19,448:449:444,31.22,37.52
821,135,105.4,19,439:449,31.22,37.52
826,136,105.4,19,435:448,31.22,38.01
827,135,105.4,19,446:435,31.22,38.01
828,136,105.4,19,439:444,31.22,38.01
835,135,105.4,19,446:442:432,31.22,37.49
836,136,105.4,19,442:446,31.22,37.49
837,135,105.4,19,446:441,31.22,37.49
843,136,105.4,19,442:444,31.22,35.62
844,135,105.4,19,449:435:442,31.22,35.56
845,136,105.4,19,441:441,31.22,35.56
849,137,105.2,19,433:437,31.22,35.56
851,136,105.2,19,448:437:444,31.22,34.73
852,137,105.2,19,435:432,31.22,34.73
853,138,105.2,19,439:435,31.22,34.73
857,137,105.2,19,439:435,31.22,32.99
858,138,105.2,19,432:435:435,31.22,32.99
862,137,105.2,19,884:437,31.22,32.23
863,136,105.4,19,442:444,31.22,32.23
865,135,105.4,19,446:430,31.22,33.69
867,136,105.4,19,439:437,31.22,33.69
872,135,105.4,19,442:442,31.22,34.66
874,136,105.4,19,432:439,31.22,34.92
879,137,105.2,19,874:439,31.22,34.7
884,138,105.2,19,437:435,31.22,34.55
886,137,105.2,19,875:873,31.22,34.55
890,138,105.4,19,433:874,31.22,34.84
891,136,105.4,19,444:432,31.22,34.84
892,138,105.4,19,435:437,31.22,34.84
893,137,105.4,19,439:441,31.22,34.84
900,138,105.4,19,432:437:430,31.22,33.59
901,137,105.4,19,444:441,31.22,33.59
903,138,105.2,19,432:437,31.22,33.59
904,137,105.2,19,437:435:437,31.22,33.42
909,138,105.2,19,430:437,31.22,33.7
912,137,105.2,19,439:432,31.22,33.7
917,135,105.2,19,444:442:442,31.22,34.67
918,136,105.2,19,439:437:451,31.22,34.67
919,135,105.2,19,446:442,31.22,36.1
927,137,105.2,19,437:435:437,31.22,35.09
928,138,105.2,19,432:433:439,31.22,35.09
929,137,105.2,19,442:437,31.22,33.24
932,136,105.2,19,442:435:441,31.22,33.24
935,137,105.2,19,439:437,31.22,33.57
937,136,105.2,19,442:439,31.22,33.57
939,137,105.2,19,879,31.22,33.57
940,136,105.2,19,441:439,31.22,33.4
942,135,105.2,19,446:444,31.22,33.4
943,136,105.2,19,437:435,31.22,33.4
944,137,105.2,19,437:442,31.22,33.4
947,136,105.2,19,446:442,31.22,33.29
948,135,105.2,19,446:439,31.22,33.29
949,134,105.0,19,1353,31.22,32.43
950,133,105.0,19,451:460,31.22,32.43
951,131,105.0,19,458:462,31.22,32.43
952,130,105.0,19,462:462,31.22,32.43
953,129,105.0,19,467:474,31.22,32.43
955,128,105.0,19,469:467,31.22,32.64
961,127,105.0,19,474:476:472,31.22,31.21
962,126,105.0,19,476:477,31.22,31.21
965,124,105.0,19,479:486:485,31.22,31.44
969,122,105.0,19,495:504,31.22,30.4
970,119,105.0,19,509:509,31.22,30.4
971,118,105.0,19,507:509,31.22,30.4
973,120,105.0,19,497:495,31.22,30.4
974,121,105.0,19,500:485,31.22,31.69
976,122,105.0,19,978:488,31.22,31.69
977,123,105.0,19,490:488,31.22,31.69
978,122,105.0,19,490:490,31.22,31.69
983,123,104.8,19,488:483,31.22,32.54
986,124,105.0,19,481:481:476,31.22,33.9
988,126,105.0,19,474:481:465,31.22,33.9
989,127,105.0,19,474:470,31.22,33.62
991,128,105.0,19,463:472,31.22,33.62
992,129,105.0,19,462:462,31.22,33.62
994,130,105.0,19,465:460:462,31.22,33.44
996,131,105.0,19,455:460,31.22,33.44
998,132,105.0,19,449:456:453,31.22,33.44
1001,133,105.0,19,448:451,31.22,33.31
1003,132,105.0,19,910:442,31.22,33.31
1004,134,105.0,19,446:441:449,31.22,32.84
1005,135,105.0,19,442:446,31.22,32.84
1006,136,105.0,19,439:439,31.22,32.84
1011,137,105.0,19,870,31.22,34.1
1012,138,105.0,19,432:435,31.22,34.1
1014,137,105.2,19,437:437:432,31.22,32.57
1015,138,105.2,19,437:433,31.22,32.57
1018,139,105.2,19,430:430:432,31.22,32.57
1019,140,105.2,19,421:426,31.22,32.74
1020,141,105.2,19,423:435,31.22,32.74
1023,142,105.2,19,421:421,31.22,32.74
1028,143,105.2,19,418:412:423,31.22,34.03
1030,144,105.2,19,1251:418,31.22,33.31
1031,143,105.2,19,421:418:414,31.22,33.31
1032,144,105.2,19,419:411,31.22,33.31
1033,145,105.2,19,421:411,31.22,33.31
1034,144,105.2,19,418:418:418,31.22,34.02
1036,145,105.2,19,412:416:412,31.22,34.02
1038,146,105.2,19,416:407,31.22,34.02
1044,147,105.0,19,407:409,31.22,34.41
1045,146,105.0,19,412:412:411,31.22,34.41
1046,147,105.0,19,407:405,31.22,34.41
1047,146,105.0,19,409:409:409,31.22,34.41
1049,147,105.0,19,402:407,31.22,34.41
1053,148,105.0,19,404:405,31.22,35.93
1054,147,105.0,19,407:407:404,31.22,34.98
1055,148,105.0,19,409:404,31.22,34.98
1065,149,105.0,19,400:400,31.22,33.65
1074,150,105.0,19,404:398:400,31.22,33.72
1075,149,105.0,19,400:402,31.22,33.72
1076,150,105.0,19,397:402:395:409,31.22,33.72
1077,148,105.0,19,407:386,31.22,33.72
1078,150,105.0,19,397:398,31.22,33.72
1081,151,105.2,19,395:1983,31.22,35.08
1084,152,105.2,19,397:393,31.22,35.08
1085,151,105.2,19,397:395:389,31.22,35.2
1086,152,105.2,19,398:391,31.22,35.2
1087,151,105.2,19,398:395,31.22,35.2
1088,152,105.2,19,788:395,31.22,35.2
1092,151,105.0,19,398:405:393,31.22,36.06
1093,152,105.0,19,395:395,31.22,36.06
1096,151,105.0,19,397:395:397,31.22,35.46
1102,152,105.2,19,384:398:393,31.22,36.24
1104,153,105.2,19,391:397,31.22,36.24
1105,152,105.2,19,393:395:388,31.22,36.36
1106,153,105.2,19,393:398:388,31.22,36.36
1109,152,105.2,19,395:393:400,31.22,35.66
1110,153,105.2,19,391:388,31.22,35.66
1111,154,105.2,19,398:389:391,31.22,35.66
1114,153,105.2,19,393:783,31.22,35.66
1115,152,105.2,19,398:388:395,31.22,36.76
1117,153,105.2,19,391:393:393,31.22,36.76
1119,152,105.2,19,395:393:388,31.22,37.5
1120,153,105.2,19,391:393,31.22,37.5
1122,154,105.2,19,779:397:388,31.22,37.5
1124,153,105.2,19,391:391,31.22,37.5
1125,154,105.2,19,391:397:391:391,31.22,37.99
1128,153,105.0,19,393:391,31.22,37.99
1131,154,105.0,19,391:391:388,31.22,38.32
1132,155,105.2,19,386:393,31.22,38.32
1133,154,105.2,19,388:397:389,31.22,38.32
1136,153,105.2,19,393:774,31.22,37.75
1141,154,105.2,19,1164,31.22,36.58
1147,155,105.2,19,776:388,31.22,35.8
1148,154,105.2,19,395:391,31.22,35.8
1149,155,105.2,19,388:386:393,31.22,34.5
1150,153,105.2,19,391:395,31.22,34.5
1151,154,105.2,19,388:388:391,31.22,34.5
1154,155,105.2,19,388:388:381,31.22,35.2
1155,154,105.2,19,398:391,31.22,35.2
1159,153,105.2,19,393:393:379,31.22,35.28
1160,155,105.2,19,384:386,31.22,35.28
1163,156,105.2,19,381:384:391,31.22,35.28
1164,154,105.2,19,395:384,31.22,35.28
1165,155,105.2,19,386:393:388,31.22,37.3
1167,154,105.2,19,777,31.22,37.3
1168,155,105.2,19,388,31.22,37.3
1169,154,105.2,19,1564,31.22,37.86
1170,153,105.2,19,393:391:395,31.22,37.86
1172,154,105.2,19,389:391:384,31.22,37.86
1173,155,105.2,19,400:386,31.22,37.86
1174,154,105.2,19,388:393:388,31.22,36.26
1175,155,105.2,19,386:388,31.22,36.26
1176,154,105.2,19,778:402:377,31.22,36.26
1180,155,105.2,19,386:389:384,31.22,35.98
1185,154,105.0,19,388:397,31.22,35.01
1186,155,105.0,19,386:386:393,31.22,35.01
1187,154,105.0,19,391:388,31.22,35.01
1190,155,105.0,19,386:397:386,31.22,36.33
1191,154,105.0,19,388:393:384,31.22,36.33
1193,155,105.0,19,400:381,31.22,36.33
1198,153,105.2,19,395:381,31.22,36.82
1199,154,105.2,19,781:386,31.22,35.57
1201,154,105.4,19,384:395:389,31.22,35.57
1203,155,105.4,19,386:388:386,31.22,35.57
1204,154,105.4,19,395:393,31.22,36.31
1207,153,105.4,19,400:393:391,31.22,36.31
1208,152,105.4,19,393:398:395,31.22,36.31
1209,151,105.4,19,388:398,31.22,37.59
1210,152,105.4,19,395:395:391,31.22,37.59
1211,153,105.4,19,393:398,31.22,37.59
1212,152,105.4,19,393:397:386,31.22,37.59
1214,153,105.4,19,395:777,31.22,36.87
1215,154,105.4,19,400:391,31.22,36.87
1216,152,105.4,19,395:393:395,31.22,36.87
1217,151,105.4,19,397:397,31.22,36.87
1220,153,105.4,19,389:395:397,31.22,36.39
1221,151,105.4,19,398:398,31.22,36.39
1225,150,105.2,19,404:400:398,31.22,35.68
1227,149,105.2,19,404:404,31.22,35.68
1228,150,105.2,19,398:395:402,31.22,35.68
1229,149,105.2,19,405:400,31.22,35.2
1230,150,105.2,19,400:796,31.22,35.2
1232,149,105.2,19,402:402:409,31.22,35.2
1237,148,105.2,19,411:409,31.22,34.49
1238,147,105.2,19,407:405,31.22,34.49
1239,146,105.2,19,416:412:414,31.22,34.8
1240,145,106.2,19,411:414:416,31.22,34.8
1241,144,106.4,19,414:418,31.22,34.8
1242,143,106.6,19,416:421:421,31.22,34.8
1243,142,106.8,19,421:425,31.22,34.8
1246,141,106.0,19,428:425:428,31.22,34.22
1247,140,105.8,19,428:425,31.22,34.22
1249,139,105.6,19,430:430,31.22,34.22
1252,138,105.4,19,435:435,31.22,33.45
1253,137,105.4,19,437:441:444,31.22,33.45
1254,135,105.4,19,446:442,31.22,33.32
1255,134,105.2,19,446:451,31.22,33.32
1256,132,105.2,19,453:460:456,31.22,33.32
1257,131,105.2,19,458:462,31.22,33.32
1258,130,105.2,19,458:465,31.22,33.32
1262,131,105.2,19,917:916:456,31.22,33.24
1265,132,105.2,19,453:462,31.22,32.0
1266,130,105.2,19,460:463,31.22,32.0
1269,131,105.2,19,458:455:451,31.22,30.78
1270,132,105.2,19,451:453,31.22,30.78
1273,133,105.2,19,439:458:446,31.22,30.78
1274,132,105.2,19,456:456,31.22,30.36
1276,130,105.0,19,463:467,31.22,30.36
1277,129,105.0,19,929,31.22,30.36
1282,130,105.0,19,458:462,31.22,29.3
1284,129,105.2,19,467:474,31.22,29.3
1285,128,105.2,19,469:442,31.22,29.77
1286,131,105.2,19,456:453:455,31.22,29.77
1287,132,105.2,19,455:453,31.22,29.77
1291,133,105.4,19,453:451,31.22,31.65
1293,132,105.2,19,897,31.22,31.65
1294,133,105.2,19,453:451,31.22,31.65
1295,134,105.2,19,444:448:449,31.22,33.31
1298,135,105.4,19,437:446,31.22,33.31
1299,136,105.4,19,439:449:439,31.22,34.41
1300,137,105.4,19,437:433,31.22,34.41
1301,138,105.4,19,437:432,31.22,34.41
1303,139,105.4,19,423:432:432,31.22,34.41
1305,140,105.4,19,1281:425,31.22,35.54
1307,142,105.4,19,423:418:432,31.22,35.54
1311,143,105.4,19,416:425:412,31.22,34.32
1314,144,105.2,19,411:419,31.22,33.9
1317,145,105.2,19,409:412,31.22,33.9
1318,146,105.4,19,411:412,31.22,33.9
1319,147,105.4,19,407:412:402,31.22,32.44
1320,146,105.4,19,412:409,31.22,32.44
1321,147,105.4,19,402:407:414,31.22,32.44
1325,148,105.2,19,405:400,31.22,31.47
1327,149,105.2,19,402:404:398,31.22,31.47
1329,150,105.2,19,395:405:400,31.22,33.58
1330,149,105.2,19,409:398,31.22,33.58
1333,150,105.0,19,799:400:405,31.22,33.58
1334,149,105.0,19,400:395,31.22,33.41
1335,150,105.0,19,398:407,31.22,33.41
1341,152,105.2,19,393:402:393,31.22,33.69
1343,151,105.2,19,395:407:386,31.22,33.69
1349,152,105.2,19,395:389:393,31.22,33.87
1351,153,105.2,19,393:391,31.22,33.87
1353,152,105.2,19,395:393:395,31.22,33.87
1360,153,105.2,19,393:783,31.22,34.21
1361,152,105.2,19,397:395,31.22,34.21
1362,153,105.2,19,388:391:398,31.22,34.21
1365,154,105.2,19,381:391:388,31.22,34.62
1371,155,105.2,19,386:381:391,31.22,35.28
1373,154,105.2,19,393:393,31.22,35.28
1374,155,105.2,19,384:386:391,31.22,36.91
1375,154,105.2,19,393:386,31.22,36.91
1376,155,105.2,19,384:388:395,31.22,36.91
1377,156,105.2,19,379:384:388,31.22,36.91
1380,155,105.2,19,384:388,31.22,37.6
1381,156,105.2,19,372:384:386,31.22,37.6
1388,155,105.2,19,389:787,31.22,37.27
1391,154,105.2,19,375:391:391,31.22,37.84
1393,156,105.2,19,384:384:384,31.22,37.84
1398,155,105.2,19,388:381:388,31.22,39.0
1401,156,105.2,19,381:388:379,31.22,39.78
1402,157,105.2,19,384:375,31.22,39.78
1403,156,105.2,19,384:388:386,31.22,39.78
1404,157,105.2,19,382:379:386,31.22,39.12
1405,156,105.2,19,382:382,31.22,39.12
1406,157,105.2,19,386:382:381,31.22,39.12
1407,158,105.2,19,384:375:377,31.22,39.12
1408,157,105.2,19,386:388,31.22,39.12
1409,159,105.2,19,374:381:374,31.22,37.49
1410,158,105.2,19,395:377,31.22,37.49
1412,157,105.2,19,763:379:389,31.22,37.49
1418,158,105.0,19,379:384:379,31.22,37.59
1420,159,105.0,19,377:377,31.22,37.66
1421,158,105.0,19,379:381:391,31.22,37.66
1425,157,105.0,19,384:395:368,31.22,38.1
1427,158,105.0,19,379:381:375,31.22,38.1
1429,157,105.0,19,384:379:381,31.22,37.6
1430,158,105.0,19,381:379:381,31.22,37.6
1432,157,105.0,19,384:389:372,31.22,37.6
1433,158,105.0,19,382:377,31.22,37.6
1436,157,105.0,19,370:382,31.22,36.48
1438,158,105.0,19,1133,31.22,36.48
1441,159,105.0,19,377:374:377,31.22,34.95
1442,158,105.0,19,381:388,31.22,34.95
1443,159,105.0,19,370:375:388,31.22,34.95
1444,160,105.0,19,377:375:375,31.22,35.9
1446,159,105.0,19,379:377:386,31.22,35.9
1447,158,105.0,19,379:372:377,31.22,35.9
1448,159,105.0,19,384,31.22,35.9
1449,158,105.0,19,379:759,31.22,35.9
1450,159,105.0,19,375:377:377,31.22,37.32
1452,158,105.0,19,381:375:377,31.22,37.32
1454,159,105.0,19,374:377:386,31.22,37.48
1455,158,104.8,19,367:388:375,31.22,37.48
1456,159,104.8,19,375:375:377,31.22,37.48
1458,160,104.6,19,375:370:386,31.22,37.48
1459,157,104.6,19,384:370,31.22,38.76
1460,159,104.6,19,375:377:370,31.22,38.76
1461,158,104.6,19,386:379:368,31.22,38.76
1463,159,104.6,19,367:377:379,31.22,38.76
1464,160,104.8,19,372:375:388,31.22,39.23
1465,159,104.8,19,751,31.22,39.23
1467,160,105.0,19,374:370,31.22,39.23
1468,158,105.0,19,381:381:375,31.22,39.23
1469,159,105.0,19,375:377:375,31.22,39.54
1470,160,105.0,19,379:375:367,31.22,39.54
1471,158,105.0,19,384:391,31.22,39.54
1475,159,105.0,19,379:377:377,31.22,38.56
1476,160,105.0,19,375:750,31.22,38.56
1477,159,105.0,19,382:377,31.22,38.56
1479,160,104.8,19,372:381:372,31.22,39.48
1480,159,104.8,19,381,31.22,39.48
1481,158,104.6,19,1133:372:386,31.22,39.48
1482,156,104.6,19,384:367,31.22,39.48
1483,159,104.6,19,377:381:377,31.22,39.48
1488,158,104.6,19,363:379:379,31.22,38.92
1489,159,104.6,19,377:375,31.22,38.54
1490,160,104.8,19,375:374:384,31.22,38.54
1491,159,104.8,19,372:377,31.22,38.54
1495,160,105.0,19,370:374:377,31.22,39.87
1496,159,105.0,19,381:377,31.22,39.87
1497,160,105.0,19,375:367:375,31.22,39.87
1499,159,105.0,19,379:750,31.22,39.57
1500,161,105.0,19,388:367:370,31.22,39.57
1502,159,105.0,19,767:368:375,31.22,39.57
1503,161,105.0,19,368:381:372,31.22,39.57
1505,158,104.8,19,382:381:374,31.22,39.77
1506,159,104.8,19,375:382,31.22,39.77
1507,157,104.8,19,382:386:381,31.22,39.77
1509,158,104.6,19,386:379:377,31.22,37.93
1510,157,104.6,19,384:381:377,31.22,37.93
1511,158,104.6,19,375,31.22,37.93
1514,157,104.6,19,381:384:374,31.22,36.7
1515,159,104.6,19,372:381:381,31.22,36.7
1516,158,104.6,19,379:377,31.22,36.7
1518,157,104.6,19,372:382,31.22,36.7
1523,156,104.6,19,771:382,31.22,36.7
1526,155,104.8,19,384:391:386,31.22,35.1
1530,154,104.8,19,779:382,31.22,34.81
1533,155,104.8,19,384:389,31.22,34.81
1534,154,104.8,19,393:389:389,31.22,35.02
1536,153,104.8,19,389:389:393:395,31.22,35.02
1547,152,104.4,19,395:393,31.22,34.99
1550,151,104.6,19,1190:398:400,31.22,34.74
1551,150,104.6,19,395,31.22,34.74
1555,149,104.6,19,400:402:404,31.22,34.58
1558,148,104.6,19,402:405:407,31.22,34.58
1563,147,104.6,19,409:407:409,31.22,36.44
1564,146,104.6,19,409:411,31.22,38.07
1567,145,104.6,19,412:416:416,31.22,38.07
1568,144,104.8,19,416:418,31.22,38.07
1569,143,104.8,19,416:418:421,31.22,36.4
1572,145,104.8,19,418:407,31.22,36.4
1573,146,104.8,19,409:414,31.22,36.4
1574,145,104.8,19,810,31.22,36.4
1575,146,104.8,19,407:412:414,31.22,34.9
1577,143,104.8,19,1248:419,31.22,34.9
1580,142,104.8,19,425:425,31.22,34.29
1581,141,104.8,19,430:428,31.22,34.29
1582,140,104.8,19,426:430,31.22,34.29
1585,139,104.8,19,428:435:430,31.22,35.06
1590,137,104.8,19,439:421,31.22,35.18
1591,140,105.0,19,428:425:432,31.22,35.18
1592,141,104.8,19,423:425,31.22,35.18
1593,142,104.8,19,421:421,31.22,35.18
1594,141,104.8,19,432:432,31.22,35.18
1595,142,104.8,19,421:419:421,31.22,34.09
1597,143,104.6,19,421:419:412,31.22,34.09
1600,145,104.6,19,414:412:423,31.22,36.11
1601,144,104.6,19,409:421,31.22,36.11
1604,145,104.6,19,416:409:409,31.22,36.67
1605,146,104.6,19,819,31.22,36.67
1609,147,104.6,19,414:409:400,31.22,36.65
1611,148,104.6,19,407:404:405,31.22,36.65
1615,147,104.6,19,412:411,31.22,36.64
1616,149,104.6,19,393:402:402,31.22,36.64
1619,150,104.8,19,402:398:398,31.22,37.02
1621,149,105.0,19,405:391:402,31.22,37.02
1622,150,105.0,19,395:398,31.22,37.02
1624,151,105.0,19,395:395,31.22,37.28
1632,152,104.8,19,395:389:393,31.22,38.63
1633,153,104.8,19,393:393:393,31.22,38.63
1638,154,104.6,19,389:389:388,31.22,39.53
1639,155,104.6,19,386:397,31.22,38.16
1644,156,104.8,19,386:384:381,31.22,39.22
1645,155,104.8,19,398:388:386,31.22,39.22
1646,156,104.8,19,384:384,31.22,39.22
1650,157,104.8,19,382:386,31.22,39.53
1651,156,104.8,19,398:367:381,31.22,39.53
1652,157,104.6,19,386:379:382,31.22,39.53
1654,156,104.6,19,377:384,31.22,38.16
1655,157,104.6,19,375:384:381,31.22,38.16
1663,158,104.6,19,379:763,31.22,38.04
1669,159,104.6,19,758:379:372,31.22,39.61
1670,158,104.6,19,379:381,31.22,39.61
1672,159,104.6,19,386:375,31.22,39.61
1673,158,104.6,19,379:379:377,31.22,39.61
1675,159,104.8,19,374:384,31.22,40.58
1676,158,104.8,19,377:377:379,31.22,40.58
1677,160,104.8,19,377:374:374,31.22,40.58
1678,159,104.8,19,379:384,31.22,40.58
1679,158,104.8,19,370:379:377,31.22,40.04
1680,159,104.8,19,377:372,31.22,40.04
1681,160,104.8,19,384:372:370,31.22,40.04
1683,159,104.8,19,377:370,31.22,40.04
1684,160,104.8,19,751:375:375,31.22,40.08
1686,159,104.8,19,377:377:374,31.22,40.08
1687,160,104.8,19,370:375,31.22,40.08
1696,159,104.8,19,381:377,31.22,42.88
1697,161,104.8,19,370:370:381,31.22,42.88
1700,159,104.8,19,750:379:377,31.22,40.79
1701,161,104.8,19,368:372:379,31.22,40.79
1702,160,104.8,19,384:358:375,31.22,40.79
1703,161,104.6,19,372:372,31.22,40.79
1704,160,104.6,19,375:370:381,31.22,40.58
1706,161,104.6,19,742:370,31.22,40.58
1709,160,104.6,19,377:375:374,31.22,40.83
1711,161,104.6,19,741:379:370,31.22,40.83
1712,160,104.6,19,379:375:375,31.22,40.83
1713,161,104.6,19,370:754,31.22,40.83
1714,159,104.6,19,370:381,31.22,40.21
1715,160,104.6,19,358:375:381,31.22,40.21
1716,161,104.6,19,370:370:375,31.22,40.21
1717,160,104.6,19,382:368,31.22,40.21
1719,161,104.6,19,372:372:372,31.22,40.19
1721,162,104.6,19,368:372,31.22,40.19
1722,161,104.6,19,377:372:368,31.22,40.19
1725,162,104.6,19,368:370:381,31.22,39.39
1726,161,104.6,19,372:372,31.22,39.39
1729,160,104.6,19,372:2230,31.22,38.07
1730,161,104.6,19,372,31.22,38.07
1731,162,104.6,19,368:745,31.22,38.07
1732,161,104.4,19,370:375:375,31.22,38.07
1733,160,104.4,19,365:381:374,31.22,38.07
1734,162,104.4,19,370:367:386,31.22,37.58
1736,161,104.4,19,375:372:372,31.22,37.58
1741,162,104.4,19,365:386:367,31.22,38.05
1742,161,104.4,19,372:370:372,31.22,38.05
1745,160,104.4,19,363:377,31.22,37.57
1747,162,104.4,19,365:375:363,31.22,37.57
1751,161,104.6,19,375:370:368,31.22,37.25
1754,162,104.6,19,370:370:374,31.22,37.43
1755,161,104.6,19,370:377,31.22,37.43
1756,162,104.6,19,365:377:363,31.22,37.43
1758,163,104.6,19,368:365:375,31.22,37.43
1759,162,104.6,19,368:370,31.22,38.73
1761,161,104.4,19,377:365:372,31.22,38.73
1764,162,104.2,19,365:368,31.22,38.42
1769,162,104.2,19,368:368,31.22,37.42
1771,161,104.2,19,740:372:374,31.22,37.42
1772,162,104.4,19,365:367,31.22,37.42
1774,161,104.4,19,368:370:372,31.22,38.73
1776,160,104.4,19,375:372,31.22,38.73
1777,161,104.4,19,745:363:375,31.22,38.73
1778,162,104.4,19,367:370,31.22,38.73
1781,161,104.4,19,375:370,31.22,39.99
1782,162,104.4,19,372:367:377:368,31.22,39.99
1783,163,104.4,19,370:367,31.22,39.99
1785,162,104.4,19,375:367:368,31.22,40.44
1786,163,104.4,20,365:374,31.22,40.44
1789,162,104.4,19,372:365,31.22,41.92
1790,163,104.4,19,368:375:361,31.22,41.92
1791,164,104.4,19,367:363:370,31.22,41.92
1792,163,104.4,19,368:365,31.22,41.92
1796,164,104.4,19,363:365:368,31.22,42.91
1797,162,104.4,19,370:372:361,31.22,42.91
1799,163,104.4,19,365:368:375:363,31.22,43.56
1800,164,104.4,19,365:365,31.22,43.56
1801,163,104.4,19,368:372,31.22,43.56
1803,164,104.4,20,365:370,31.22,43.56
1805,162,104.4,20,374:374:370,31.22,43.61
1807,161,104.4,20,379:374:374,31.22,43.61
1808,160,104.2,20,370:375:379,31.22,43.61
1812,159,104.4,20,381:377,31.22,42.46
1813,158,104.4,20,381:365:381,31.22,42.46
1815,159,104.4,20,377:375:372:384,31.22,39.72
1816,158,104.4,20,379:377,31.22,39.72
1819,157,104.4,20,386:382:377,31.22,38.68
1820,158,104.4,20,375:379,31.22,38.68
1822,157,104.4,20,375:384:381,31.22,38.68
1830,158,104.4,20,379:384,31.22,38.58
1831,156,104.4,20,384:384:388:382,31.22,38.58
1833,155,104.4,20,386:389:389,31.22,38.58
1834,154,104.4,20,381:389,31.22,39.11
1839,153,104.2,20,391:391:393,31.22,38.27
1840,152,104.2,20,395:404,31.22,38.27
1842,151,104.2,20,398:395,31.22,38.27
1846,150,104.2,20,800,31.22,37.33
1848,148,104.2,20,1210:405:402,31.22,37.33
1854,147,104.2,20,409:407,31.22,34.17
1855,146,104.2,20,409:412:409,31.22,34.17
1857,146,104.2,20,412:412:412,31.22,34.17
1858,145,104.2,20,412:414,31.22,34.17
1863,143,104.2,20,419:418:419,31.22,33.8
1866,142,104.2,20,423:419,31.22,33.56
1869,143,104.0,20,416:414,31.22,32.61
1870,144,104.0,20,421:414:416,31.22,32.61
1872,146,104.0,20,411:409,31.22,32.61
1875,145,104.0,20,823:409:416,31.22,32.76
1877,143,104.0,20,425:419,31.22,32.76
1879,144,104.0,20,409:409,31.22,33.26
1880,146,104.0,20,409:572,31.22,33.26
1884,141,104.2,20,437:421,31.22,33.59
1885,140,104.2,20,430:435,31.22,33.59
1890,141,104.2,20,426:426:423,31.22,34.99
1893,142,104.2,20,412:421:428,31.22,34.99
1894,143,104.2,20,416:416,31.22,35.92
1895,144,104.2,20,425:418,31.22,35.92
1896,143,104.2,20,419:414:419,31.22,35.92
1897,144,104.2,20,418:416:412,31.22,35.92
1900,145,104.2,20,409:416:412,31.22,36.94
1903,146,104.2,20,405:409,31.22,36.94
1907,147,104.2,20,405:407:412,31.22,38.01
1908,148,104.2,20,405:402,31.22,38.01
1910,149,104.2,20,400:402,31.22,37.15
1916,150,104.0,20,395:404,31.22,36.58
1917,151,104.0,20,395:397:400,31.22,36.58
1921,152,104.0,20,393:393:393,31.22,37.38
1924,153,104.0,20,391:391,31.22,37.51
1927,154,104.0,20,779:395,31.22,37.51
1931,155,104.2,20,388:772,31.22,37.21
1933,156,104.2,20,384:381:389,31.22,37.21
1936,157,104.2,20,382:381,31.22,37.41
1938,156,104.2,20,384:382:384,31.22,37.41
1939,157,104.2,20,381:381,31.22,37.53
1941,158,104.2,20,388:381,31.22,37.53
1942,157,104.2,20,379:384:381,31.22,37.53
1947,158,104.0,20,377:382:381,31.22,37.62
1951,157,104.0,20,382:384:381,31.22,36.89
1952,158,104.0,20,377:381,31.22,36.89
1955,159,104.0,20,379:375,31.22,37.19
1959,158,104.0,20,755:379:377,31.22,37.0
1960,159,104.0,20,375:375,31.22,37.0
1965,160,104.0,20,375:375:368,31.22,37.66
1970,161,104.0,20,742:374,31.22,38.88
1975,160,104.0,20,375:370,31.22,37.73
1976,162,104.0,20,370:375:365,31.22,37.73
1979,161,104.0,20,372:372:372:368,31.22,37.75
1980,162,104.0,20,368:372,31.22,37.75
1981,163,104.0,20,736,31.22,37.75
1982,161,104.0,20,375:375:370:372,31.22,37.75
1984,162,104.0,20,1118,31.22,37.77
1987,161,104.0,20,372:372:381,31.22,37.77
1988,162,104.0,20,368:368,31.22,37.77
1989,161,104.0,20,367:375:375,31.22,37.77
1993,162,103.8,20,370:368:372,31.22,37.77
1994,161,103.8,20,372:370,31.22,37.78
1995,162,103.8,20,374:370:375:368,31.22,37.78
1997,161,103.8,20,374:370:372,31.22,37.78
1998,162,103.8,20,370:368:377,31.22,37.78
2001,161,103.8,20,368:375:372,31.22,37.78
2002,162,103.8,20,367:370,31.22,37.78
2003,163,103.8,20,739:365,31.22,37.78
2007,162,103.8,20,363:370:372,31.22,36.61
2008,163,103.8,20,365:368,31.22,36.61
2010,164,103.8,20,365:365:367,31.22,35.43
2011,163,103.8,20,741,31.22,35.43
2012,162,103.8,20,365:372,31.22,35.43
2013,163,103.8,20,732:736,31.22,35.43
2015,164,103.8,20,365:368:363,31.22,37.0
2016,163,103.8,20,370:367,31.22,37.0
2022,164,103.8,20,358:365,31.22,37.66
2023,163,103.8,20,365:368:372,31.22,37.66
2029,162,103.8,20,370:742,31.22,38.26
2030,163,103.8,20,370:365:363,31.22,38.26
2036,164,103.8,20,367:372,31.22,38.5
2037,163,103.8,20,368:370,31.22,38.5
2038,162,103.8,20,1110:368,31.22,38.5
2039,163,103.8,20,365:368:368,31.22,39.44
2048,164,103.8,20,363:361,31.22,38.5
2049,162,103.8,20,370:370:367,31.22,38.26
2050,163,103.8,20,368:367:368,31.22,38.26
2056,165,103.8,20,361:377:360,31.22,38.5
2057,166,103.8,20,363:360,31.22,38.5
2058,164,103.8,20,370:367:365,31.22,38.5
2061,165,103.8,20,368:365:361:361,31.22,39.84
2063,164,103.8,20,365:368:361,31.22,39.84
2066,165,103.8,20,363:361,31.22,40.73
2067,164,103.8,20,365:365:367,31.22,40.73
2071,165,103.8,20,363:360:367,31.22,39.36
2072,164,103.8,20,365:368:365,31.22,39.36
2073,163,103.8,20,368:368,31.22,39.36
2074,164,103.8,20,363:361,31.22,39.36
2075,165,103.8,20,375:726,31.22,40.02
2076,164,103.6,20,356:368:368,31.22,40.02
2080,165,103.6,20,361:365:365,31.22,40.85
2082,164,103.6,20,365:367:363,31.22,40.85
2084,165,103.6,20,363:365:363,31.22,41.8
2085,164,103.6,20,365:365,31.22,41.8
2086,165,103.6,20,363:365:363,31.22,41.8
2092,164,103.6,20,1095,31.22,40.86
2093,165,103.6,20,365:361:361,31.22,40.86
2097,164,103.4,20,368:360,31.22,39.44
2098,165,103.4,20,368:361,31.22,39.44
2099,164,103.4,20,727:365:363,31.22,40.07
2102,165,103.4,20,365:361:363,31.22,40.07
2105,164,103.4,20,365:368:363,31.22,39.31
2106,163,103.4,20,367:739,31.22,39.31
2107,162,103.6,20,746,31.22,39.31
2109,161,103.6,20,368:372,31.22,38.41
2110,162,103.6,20,365:370:375,31.22,38.41
2111,161,103.6,20,370:372:372,31.22,38.41
2112,162,103.6,20,365:377,31.22,38.41
2113,161,103.6,20,372:372:368,31.22,38.41
2116,160,103.6,20,375:375,31.22,38.6
2118,161,103.6,20,370:377,31.22,38.6
2119,160,103.6,20,750:375,31.22,37.54
2122,159,103.6,20,377:375:377,31.22,37.54
2125,158,103.6,20,381:377:379,31.22,36.84
2128,159,103.8,20,381:377:379,31.22,36.84
2129,158,103.8,20,379:763,31.22,37.94
2133,157,103.8,20,382:381:381,31.22,37.94
2137,158,103.8,20,379,31.22,37.89
2138,157,103.8,20,769:379:384,31.22,37.89
2139,156,103.8,20,384:388,31.22,37.07
2142,155,103.8,20,386:386:388,31.22,37.07
2145,154,103.8,20,389:391,31.22,35.74
2146,155,103.8,20,384:388:391,31.22,35.74
2147,154,103.8,20,391:391,31.22,35.74
2148,153,103.8,20,1177,31.22,35.74
2154,152,103.8,20,397:393:402,31.22,36.09
2155,150,103.8,20,402:407,31.22,36.09
2156,149,103.8,20,404:402:405,31.22,36.09
2157,148,103.8,20,405:407,31.22,36.09
2158,147,103.8,20,407:407:407,31.22,36.09
2160,148,103.8,20,405:400:407,31.22,35.48
2162,149,103.8,20,402:400:402,31.22,35.48
2163,148,103.8,20,405:405,31.22,35.48
2169,147,103.8,20,407:819,31.22,33.89
2170,145,103.8,20,414:416:409,31.22,32.83
2171,147,103.8,20,411:407:407,31.22,32.83
2173,148,103.8,20,402:402,31.22,32.83
2175,144,104.0,20,1253:418,31.22,32.91
2176,143,104.0,20,418,31.22,32.91
2177,142,104.0,20,847:421,31.22,32.91
2180,140,104.0,20,433:425,31.22,34.14
2182,141,104.0,20,425:425,31.22,34.14
2187,142,104.0,20,419:421:421,31.22,35.36
2188,143,104.0,20,419:418,31.22,35.36
2191,144,104.0,20,418:412:412,31.22,36.17
2194,143,104.0,20,423:419:412,31.22,36.71
2196,144,104.0,20,414:412,31.22,36.71
2200,145,104.0,20,411:414,31.22,36.28
2201,146,104.0,20,819:407,31.22,36.28
2203,145,104.0,20,822:414:405,31.22,36.28
2204,147,104.0,20,409:395:407,31.22,36.0
2206,148,104.0,20,398:405,31.22,36.0
2207,150,104.0,20,398:400:400,31.22,36.0
2208,151,104.0,20,395:397:404,31.22,36.0
2209,149,104.0,20,402:395,31.22,35.02
2210,151,104.0,20,395:395:402,31.22,35.02
2212,152,104.0,20,395:395:393,31.22,35.02
2216,154,104.2,20,389:391:388,31.22,33.58
2219,155,104.2,20,388:386:388,31.22,33.41
2222,156,104.2,20,384:384,31.22,33.41
2224,157,104.2,20,381:382:381,31.22,34.08
2225,156,104.2,20,384:381:384,31.22,34.08
2226,158,104.2,20,379:375,31.22,34.08
2227,157,104.0,20,386:384:379,31.22,34.08
2230,158,104.0,20,384:379,31.22,33.75
2233,159,104.0,20,377:377:379,31.22,33.75
2234,158,104.0,20,379:379:377,31.22,34.31
2239,157,104.0,20,372:384:386,31.22,34.68
2240,158,104.0,20,375:379:381,31.22,34.68
2241,159,104.0,20,377:375:375,31.22,34.68
2243,158,104.0,20,755:379,31.22,34.68
2244,159,104.2,20,375:377:379,31.22,34.93
2246,160,104.2,20,379:372:372,31.22,34.93
2249,161,104.2,20,372:375:372,31.22,35.1
2253,160,104.2,20,377:370,31.22,35.1
2254,161,104.2,20,375:370:374,31.22,35.21
2258,162,104.2,20,363:381,31.22,35.21
2260,161,104.2,20,370:372,31.22,36.46
2261,162,104.2,20,375:370:368,31.22,36.46
2267,163,103.8,20,367:370:365,31.22,36.12
2270,164,104.0,20,363:379:363,31.22,38.25
2272,162,104.0,20,377:368,31.22,38.25
2276,163,104.0,20,370:365,31.22,38.1
2282,164,104.0,20,363:367:360,31.22,38.0
2288,165,104.2,20,731:363,31.22,38.32
2289,164,104.2,20,367:365:363,31.22,37.75
2293,165,104.0,20,363:368:363,31.22,37.75
2295,164,104.0,20,728:365,31.22,38.95
2297,165,104.0,20,726:363,31.22,38.95
2298,163,104.0,20,370:372:361,31.22,38.95
2301,164,104.0,20,363:375:363,31.22,40.14
2302,165,104.0,20,363:360,31.22,40.14
2303,163,104.0,20,370:370:361,31.22,40.14
2306,165,104.0,20,360:377:360:361,31.22,39.35
2308,164,104.0,20,365:368,31.22,39.35
2311,165,104.0,20,1093:361,31.22,39.62
2324,164,104.0,20,363:367:368,31.22,42.45
2325,165,104.0,20,361:363:361,31.22,42.45
2327,166,104.0,20,360:363,31.22,42.45
2328,165,104.0,20,365:363:360,31.22,42.45
2330,164,104.0,20,367:365,31.22,40.89
2331,165,103.8,20,358:370:363,31.22,40.89
2332,166,103.8,20,361:358:368,31.22,40.89
2333,165,103.8,20,365:361,31.22,40.89
2335,164,103.8,20,365:365:361,31.22,39.86
2337,165,103.8,20,363,31.22,39.86
2338,166,103.8,20,1080:370:360,31.22,39.86
2339,165,103.8,20,728,31.22,39.56
2341,166,103.8,20,365:358:352,31.22,39.56
2344,165,103.8,20,365:363:361,31.22,40.55
2346,166,103.8,20,361:354,31.22,40.55
2348,167,103.8,20,360:363,31.22,40.55
2349,165,103.8,20,728:365:363,31.22,40.42
2357,166,103.8,20,368:360,31.22,40.33
2358,165,103.8,20,717:734,31.22,40.33
2359,164,103.8,20,727,31.22,35.55
2360,165,103.8,20,361:367:363,31.22,35.55
2363,166,103.8,20,361:358:361,31.22,35.55
2365,164,103.8,20,1095:363:363,31.22,37.08
2366,165,103.8,20,361:360,31.22,37.08
2367,166,103.8,20,358:375:352,31.22,37.08
2369,165,103.6,20,365:361:365,31.22,37.32
2370,164,103.6,20,365:361,31.22,37.32
2371,165,103.6,20,363:361:361:363,31.22,37.32
2373,166,103.6,20,361:361:361,31.22,37.32
2375,165,103.4,20,365:358,31.22,38.66
2377,166,103.4,20,360:358:363,31.22,38.66
2382,167,103.4,20,356:358:365,31.22,38.37
2385,166,103.4,20,360:363:358,31.22,38.18
2386,165,103.6,20,363:727,31.22,38.18
2387,166,103.6,20,361:361,31.22,38.18
2390,165,103.6,20,363:365,31.22,37.65
2391,166,103.6,20,1087:358,31.22,37.65
2392,167,103.6,20,367:356,31.22,37.65
2393,166,103.6,20,363:356:361,31.22,37.65
2395,164,103.6,20,365:358:365,31.22,37.7
2396,166,103.6,20,361:358,31.22,37.7
2397,167,103.6,20,365:358:358,31.22,37.7
2398,166,103.6,20,356:361:363,31.22,37.7
2403,167,103.6,20,722:358,31.22,37.73
2404,166,103.6,20,356:356:363:363,31.22,39.72
2406,165,103.6,20,365:367,31.22,39.72
2407,164,103.6,20,365:365:367,31.22,39.72
2408,163,103.6,20,361:372:367,31.22,39.72
2412,164,103.6,20,363:370,31.22,38.68
2413,162,103.6,20,370:368:368,31.22,38.68
2414,163,103.6,20,368:365:370,31.22,39.57
2415,162,103.6,20,368:370:370,31.22,39.57
2416,163,103.6,20,367:363,31.22,39.57
2417,162,103.6,20,370:739,31.22,39.57
2418,163,103.6,20,370:367,31.22,39.57
2419,162,103.6,20,372:368:372,31.22,38.19
2421,161,103.6,20,1485:372,31.22,38.19
2423,160,103.6,20,375:368,31.22,38.19
2424,161,103.6,20,372:372:375,31.22,36.88
2432,162,103.6,20,370:365,31.22,37.18
2433,161,103.6,20,374:374:372,31.22,37.18
2435,160,103.6,20,377:375:374,31.22,38.96
2437,159,103.4,20,377:370:375,31.22,38.96
2438,160,103.4,20,375:379:374,31.22,38.96
2440,159,103.4,20,379:375:377,31.22,38.18
2443,158,103.2,20,379:377:377,31.22,38.18
2446,157,103.2,20,381:382,31.22,37.65
2448,156,103.4,20,381:384:386,31.22,37.65
2454,155,103.4,20,386:388:391,31.22,38.12
2458,154,103.4,20,391:391:384,31.22,38.12
2468,155,103.4,20,388:388:391,31.22,36.1
2469,153,103.4,20,393:393,31.22,36.1
2471,152,103.4,20,397:395,31.22,35.48
2472,153,103.4,20,393:389:391,31.22,35.48
2475,151,103.4,20,797:395:402,31.22,37.04
2476,150,103.4,20,397:409:398,31.22,37.04
2477,149,103.4,20,404:402,31.22,37.04
2479,148,103.4,20,402:411:405,31.22,37.29
2480,147,103.4,20,409:407,31.22,37.29
2482,146,103.4,20,409:407,31.22,37.29
2485,145,103.2,20,414:412:412,31.22,33.91
2486,145,103.2,20,412:412,31.22,33.91
2487,146,103.2,20,819:409:412,31.22,33.91
2488,145,103.2,20,418:409,31.22,33.91
2489,146,103.2,20,405:411,31.22,33.24
2491,147,103.2,20,409:412,31.22,33.24
2493,148,103.2,20,407:405,31.22,33.24
2494,147,103.4,20,409:402,31.22,32.79
2495,148,103.4,20,404:405:405,31.22,32.79
2497,149,103.4,20,400:400:405,31.22,32.79
2501,150,103.6,20,395:404,31.22,32.49
2504,151,103.6,20,398:398:393,31.22,33.08
2505,152,103.6,20,395:395,31.22,33.08
2508,153,103.6,20,391:393:393,31.22,33.08
2510,154,103.6,20,389:393:388,31.22,35.83
2513,155,103.6,20,386:389:384,31.22,35.83
2516,156,103.6,20,772:768:388,31.22,36.48
2520,157,103.4,20,381:382:382,31.22,37.71
2523,158,103.2,20,377:379:379,31.22,37.71
2525,159,103.2,20,375:382:377,31.22,39.31
2528,161,103.2,20,375:372:372,31.22,39.31
2530,160,103.2,20,374:379:372,31.22,39.59
2531,161,103.4,20,374:374:368,31.22,39.59
2532,160,103.4,20,377:375,31.22,39.59
2534,161,103.6,20,372:370:370,31.22,38.99
2535,162,103.6,20,365:379,31.22,38.99
2542,163,103.6,20,370:363:365,31.22,37.8
2544,162,103.6,20,368:372:368,31.22,38.19
2545,163,103.6,20,367:367:365,31.22,38.19
2547,164,103.6,20,363:732,31.22,38.19
2552,163,103.6,20,372:363:370,31.22,38.85
2554,164,103.6,20,363:363,31.22,38.89
2555,165,103.6,20,370:363:363,31.22,38.89
2557,164,103.6,20,731:368:365,31.22,38.89
2559,165,103.6,20,363:361:368,31.22,34.98
2561,163,103.6,20,368:368:367,31.22,34.98
2562,164,103.6,20,363:365:363,31.22,34.98
2563,165,103.6,20,365:361:361,31.22,34.98
2566,164,103.6,20,358:368:363,31.22,35.92
2568,165,103.6,20,363:358:365:365,31.22,35.92
2571,166,103.6,20,361:361:361,31.22,36.94
2572,165,103.6,20,363:363:360,31.22,36.94
2573,166,103.6,20,361:361,31.22,36.94
2575,167,103.6,20,358:361:356,31.22,37.22
2577,166,103.6,20,361,31.22,37.22
2579,167,103.6,20,358:363:358,31.22,38.99
2582,166,103.6,20,363:361:361,31.22,38.99
2585,167,103.6,20,354:367:356,31.22,37.8
2587,168,103.6,20,361:358,31.22,37.8
2588,166,103.6,20,363:365:358,31.22,37.8
2589,167,103.6,20,361:358:352,31.22,35.44
2590,168,103.6,20,370:354:356,31.22,35.44
2592,166,103.6,20,360:356:365,31.22,35.44
2595,165,103.8,20,363:356:370,31.22,37.8
2596,168,103.8,20,354:358:354,31.22,37.8
2597,167,103.8,20,368:358:361,31.22,37.8
2600,166,103.8,20,363:361:361,31.22,39.76
2602,168,103.8,20,354:358:354,31.22,39.76
2603,166,103.6,20,363:361:361,31.22,39.76
2606,165,103.6,20,363:356:365,31.22,39.5
2607,167,103.6,20,356:356:361,31.22,39.5
2608,168,103.6,20,354,31.22,39.5
2609,167,103.6,20,352:725:358,31.22,38.14
2610,168,103.6,20,1077,31.22,38.14
2612,167,103.6,20,360:361:358,31.22,38.14
2614,168,103.6,20,360:708,31.22,37.24
2617,167,103.6,20,358:361,31.22,37.24
2618,168,103.6,20,354:361:356:354,31.22,37.24
2619,169,103.6,20,368:351,31.22,39.39
2620,170,103.6,20,354:347:361,31.22,39.39
2621,169,103.6,20,354:354:354,31.22,39.39
2623,168,103.6,20,718,31.22,39.39
2627,170,103.6,20,351:360:351,31.22,40.83
2628,169,103.6,20,358:354,31.22,40.83
2630,168,103.6,20,358:361,31.22,40.6
2633,169,103.8,20,354:352:365,31.22,40.6
2635,168,103.8,20,356:356,31.22,41.24
2637,167,103.8,20,1072,31.22,41.24
2638,168,103.8,20,356:356:356,31.22,41.24
2642,169,103.8,20,351:354:354,31.22,40.09
2644,168,103.8,20,354:358:356,31.22,38.54
2647,167,103.8,20,361:358:349,31.22,38.54
2648,169,103.8,20,358:354:352,31.22,38.54
2650,168,103.8,20,356:356:356,31.22,38.29
2651,167,103.8,20,358:360:356,31.22,38.29
2653,168,103.8,20,361:354:356,31.22,38.29
2655,169,103.8,20,351:354:354,31.22,40.49
2656,168,103.8,20,358:361:352,31.22,40.49
2657,169,103.8,20,358:354:354,31.22,40.49
2658,168,103.8,20,358:356,31.22,40.49
2660,169,103.8,20,352:349:365,31.22,39.59
2661,171,103.8,20,347:356:347,31.22,39.59
2662,168,103.8,20,358:358:356,31.22,39.59
2663,169,103.8,20,705,31.22,39.59
2665,168,103.8,20,1075:354:354,31.22,38.99
2667,171,103.8,20,349:354:349,31.22,38.99
2668,169,103.8,20,356:356:354,31.22,38.99
2670,168,103.8,20,349:363,31.22,39.38
2671,169,103.8,20,354:351,31.22,39.38
2672,168,103.8,20,358:713,31.22,39.38
2673,169,103.8,20,708:361:354,31.22,39.38
2676,168,103.8,20,358:349:361,31.22,39.24
2678,169,104.0,20,354:354,31.22,39.24
2680,170,104.0,20,354:351:354,31.22,39.55
2681,169,104.0,20,358:352:351,31.22,39.55
2682,168,104.0,20,356:356:356,31.22,39.55
2684,170,104.0,20,354:354:363:351,31.22,38.96
2688,171,104.0,20,700:349,31.22,38.96
2689,170,104.0,20,356:354:351,31.22,37.78
2692,169,104.0,20,1067:354:352,31.22,37.78
2694,171,104.0,20,351:351:351,31.22,36.61
2695,169,104.0,20,356:354:354,31.22,36.61
2702,168,103.8,20,356:354,31.22,37.79
2703,169,103.8,20,356:703,31.22,37.79
2704,168,103.8,20,356:356:358,31.22,38.97
2706,167,103.8,20,358:363:360,31.22,38.97
2708,166,103.8,20,365:361:356,31.22,38.97
2709,165,104.0,20,363:363:363,31.22,39.76
2710,166,104.0,20,361:360,31.22,39.76
2711,165,104.0,20,365:363:361,31.22,39.76
2712,166,104.0,20,361:356:365,31.22,39.76
2713,165,104.0,20,365:728,31.22,39.76
2714,164,103.8,20,379:345,31.22,39.76
2719,163,103.8,20,1101:365,31.22,38.4
2720,164,103.8,20,368:361:367,31.22,38.4
2721,163,103.8,20,370:363:368,31.22,38.4
2723,162,103.8,20,370:368,31.22,38.4
2724,163,103.8,20,368:365:370,31.22,38.59
2725,162,103.8,20,368:370:370,31.22,38.59
2727,161,103.8,20,370:372:372,31.22,38.59
2732,160,103.8,20,374:377:372,31.22,38.72
2738,161,103.8,20,368:372:375,31.22,37.62
2739,160,103.8,20,377:375,31.22,36.5
2740,159,103.8,20,377:379:381,31.22,36.5
2741,158,103.8,20,375:379,31.22,36.5
2745,157,103.8,20,382:382:382,31.22,35.75
2747,156,103.8,20,1156,31.22,35.75
2752,155,103.8,20,388:388:386,31.22,34.07
2753,154,103.8,20,389:389:386,31.22,34.07
2757,153,103.8,20,393:391:393,31.22,34.52
2760,152,103.8,20,393:395,31.22,34.43
2761,153,103.8,20,393:393:395,31.22,34.43
2762,152,103.8,21,395:391,31.22,34.43
2765,151,104.0,20,397:397,31.22,36.34
2775,150,103.8,21,405:398,31.22,36.88
2776,148,103.8,21,405:407:411,31.22,36.88
2777,147,103.8,21,409:409,31.22,36.88
2779,146,103.8,21,411:412:418,31.22,38.37
2780,145,104.0,21,416:412,31.22,38.37
2782,143,104.0,21,423:421:414,31.22,38.37
2783,144,104.0,21,416:416:419,31.22,38.37
2785,143,104.0,21,418:412:418,31.22,37.39
2794,142,103.8,21,423:841,31.22,35.78
2795,143,103.8,21,419:418,31.22,35.78
2796,143,103.8,21,421:423,31.22,35.78
2799,144,103.8,21,412:412,31.22,34.87
2800,145,103.8,21,412,31.22,34.87
2801,144,103.8,21,838:414:418,31.22,34.87
2803,145,104.0,21,414:416:414,31.22,34.87
2810,146,104.0,21,407:416,31.22,35.71
2811,147,104.0,21,407:409:414,31.22,35.71
2812,146,104.0,21,409:409,31.22,35.71
2813,147,104.0,21,409:405:404,31.22,35.71
2814,148,104.0,21,405:412,31.22,36.8
2815,147,104.0,21,409:404:409,31.22,36.8
2817,148,104.0,21,402:404:402,31.22,36.8
2818,149,104.0,21,405:402,31.22,36.8
2825,150,104.0,21,398:400,31.22,34.33
2828,151,104.0,21,1192,31.22,34.33
2829,150,104.0,21,797:796,31.22,33.91
2830,151,104.0,21,395:393:402,31.22,33.91
2832,150,104.0,21,395:404,31.22,33.91
2833,151,104.0,21,395:395:395,31.22,33.91
2835,150,104.0,21,398:398:395,31.22,34.02
2836,152,104.0,21,391:402,31.22,34.02
2839,153,104.2,21,391:398:393,31.22,36.07
2840,152,104.2,21,393:395,31.22,36.07
2842,153,104.2,21,391:391,31.22,36.07
2843,152,104.2,21,395:397:391,31.22,36.07
2844,153,104.2,21,393:393,31.22,36.25
2845,153,104.2,21,393:395:391,31.22,36.25
2847,154,104.2,21,393:382,31.22,36.25
2848,153,104.2,21,398:389:391,31.22,36.25
2849,154,104.2,21,389:391,31.22,35.58
2853,155,104.2,21,384:384,31.22,35.58
2854,156,104.2,21,386:391,31.22,35.58
2857,155,104.2,21,388:386:384,31.22,35.92
2859,156,104.2,21,381:382,31.22,35.92
2866,155,104.2,21,386:384,31.22,36.57
2867,157,104.2,21,381:381:391,31.22,36.57
2870,156,104.2,21,384:769,31.22,36.19
2878,155,104.2,21,375:395:388,31.22,35.15
2881,156,104.2,21,384:386,31.22,34.85
2882,155,104.2,21,393:384:388,31.22,34.85
2888,154,104.2,21,388:384,31.22,34.26
2889,155,104.2,21,393:384,31.22,34.26
2891,154,104.2,21,777:776,31.22,35.04
2892,155,104.2,21,389:388,31.22,35.04
2893,154,104.2,21,389:391:388,31.22,35.04
2901,153,104.2,21,786:393:388,31.22,36.57
2902,154,104.2,21,389:393,31.22,36.57
2905,153,104.2,21,393:391:388,31.22,35.01
2910,154,104.2,21,389:395:386,31.22,33.57
2911,153,104.4,21,393:391,31.22,33.57
2913,154,104.4,21,1164:388:400,31.22,33.57
2914,153,104.4,21,389:395,31.22,33.41
2920,154,104.4,21,395:389:386,31.22,33.29
2922,153,104.4,21,393:787,31.22,33.29
2927,152,104.4,21,393:395,31.22,33.29
2928,153,104.4,21,391:389,31.22,33.29
2929,152,104.4,21,400:787,31.22,33.29
2931,153,104.4,21,391:400,31.22,33.29
2932,152,104.4,21,393:395:405,31.22,33.29
2934,153,104.4,21,391:393:391,31.22,34.01
2936,151,104.4,21,398:397:395,31.22,34.01
2937,152,104.4,21,395:395,31.22,34.01
2940,151,104.4,21,395:393:395,31.22,33.69
2941,152,104.4,21,796,31.22,33.69
2943,151,104.4,21,398:397:393,31.22,33.69
2944,152,104.4,21,395:391,31.22,33.88
2945,153,104.4,21,388:400:395,31.22,33.88
2946,152,104.4,21,398:395,31.22,33.88
2956,153,104.2,21,391:395,31.22,32.51
2961,152,104.2,21,787,31.22,34.27
2962,153,104.2,21,395:391:384,31.22,34.27
2966,152,104.4,21,393:395:395,31.22,35.84
2974,153,104.4,21,2358:397:389,31.22,36.0
2975,152,104.4,21,395:393:395,31.22,36.0
2976,153,104.4,21,388:391:393,31.22,36.0
2982,152,104.4,21,388:395:395,31.22,36.21
2984,153,104.4,21,391,31.22,36.21
2985,154,104.4,21,779:786,31.22,35.95
2986,153,104.4,21,391:395:391,31.22,35.95
2987,154,104.4,21,388:389,31.22,35.95
2988,155,104.4,21,388:384:393,31.22,35.95
2989,153,104.4,21,395:391,31.22,37.35
2991,154,104.4,21,388:386:388,31.22,37.35
3000,155,104.4,21,382:395:388,31.22,37.73
3026,156,104.4,21,379:395,31.22,34.64
3027,155,104.4,21,388:386:389,31.22,34.64
3032,156,104.2,21,379:391,31.22,35.3
3033,155,104.2,21,391:386:388,31.22,35.3
3036,156,104.2,21,386:377:395,31.22,35.34
3037,155,104.2,21,388,31.22,35.34
3042,156,104.2,21,386:384:389,31.22,37.34
3043,155,104.2,21,388,31.22,37.34
3048,154,104.2,21,391,31.22,37.1
3049,155,104.2,21,773:393:382,31.22,37.33
3050,154,104.4,21,388:389:388,31.22,37.33
3051,155,104.2,21,391:384,31.22,37.33
3052,156,104.2,21,384:386:379,31.22,37.33
3053,155,104.2,21,397:389,31.22,37.33
3054,154,104.2,21,386:389:389,31.22,37.88
3055,155,104.4,21,391:386:384,31.22,37.88
3058,154,104.4,21,388:391:389,31.22,37.88
3060,155,104.4,21,386:386:393,31.22,37.06
3063,154,104.4,21,395:388,31.22,37.06
3064,155,104.4,21,386:386:382,31.22,36.91
3068,154,104.4,21,389:386,31.22,36.91
3069,155,104.4,21,379:397:389,31.22,37.21
3070,154,104.2,21,388:388,31.22,37.21
3071,155,104.2,21,391:386:388,31.22,37.21
3072,154,104.2,21,389:391,31.22,37.21
3073,155,104.2,21,391:384:386,31.22,37.21
3075,154,104.2,21,1172,31.22,38.19
3079,153,104.2,21,393:388:393,31.22,37.27
3081,154,104.2,21,386:391:388,31.22,37.27
3083,155,104.2,21,388:388:393,31.22,37.27
3084,153,104.2,21,393:393,31.22,38.23
3085,154,104.2,21,391:388:388,31.22,38.23
3090,153,104.2,21,393:386:391,31.22,38.48
3095,154,104.2,21,388:395:391,31.22,38.25
3096,153,104.2,21,393:386,31.22,38.25
3097,154,104.2,21,388:391:395,31.22,38.25
3098,153,104.2,21,384:395,31.22,38.25
3100,154,104.2,21,391:397,31.22,37.7
3101,153,104.2,21,391:391:393,31.22,37.7
3103,154,104.2,21,389:386:391,31.22,37.7
3105,152,104.2,21,785:393:395,31.22,36.55
3106,153,104.4,21,393:389:393,31.22,36.55
3108,152,104.4,21,393:395:395,31.22,36.55
3110,153,104.4,21,782:391:397,31.22,35.39
3112,152,104.4,21,395:393:395,31.22,35.39
3113,153,104.2,21,388:391,31.22,35.39
3116,152,104.2,21,398:397:391,31.22,34.62
3117,153,104.2,21,391:395,31.22,34.62
3118,152,104.2,21,391:395:395,31.22,34.62
3119,153,104.2,21,388:389,31.22,33.71
3126,154,104.2,21,389:391:388,31.22,32.71
3128,153,104.2,21,391:393:389,31.22,32.71
3129,154,104.2,21,389:388,31.22,32.83
3132,155,104.2,21,1164:386,31.22,32.83
3134,154,104.2,21,388:389:393,31.22,34.88
3135,153,104.2,21,393:386,31.22,34.88
3136,155,104.2,21,386:393:386,31.22,34.88
3138,154,104.2,21,393:384,31.22,34.88
3143,156,104.2,21,382:382,31.22,36.24
3144,154,104.2,21,391:393:381,31.22,36.76
3146,155,104.2,21,386:384:386,31.22,36.76
3148,156,104.2,21,381:384:391,31.22,36.76
3149,155,104.2,21,382:389:386,31.22,37.5
3151,156,104.2,21,382:384:382,31.22,37.5
3153,157,104.2,21,382:381:389,31.22,37.5
3154,156,104.2,21,379:386:384,31.22,37.6
3156,157,104.2,21,377:377,31.22,37.6
3162,158,104.4,21,381:381:375,31.22,36.87
3163,157,104.4,21,389:382,31.22,36.87
3167,156,104.4,21,384:384,31.22,38.36
3168,157,104.4,21,375:393:379,31.22,38.36
3169,156,104.4,21,386:388:384,31.22,37.78
3174,155,104.4,21,382:389,31.22,38.96
3175,156,104.4,21,381:384:384,31.22,38.96
3180,155,104.4,21,386:389,31.22,37.79
3181,156,104.4,21,384:381:393,31.22,37.79
3182,155,104.4,21,386:388:388,31.22,37.79
3194,156,104.4,21,384:384:388,31.22,36.13
3195,155,104.4,21,391:384,31.22,36.13
3196,156,104.4,21,382:393:384,31.22,36.13
3197,155,104.4,21,389:389,31.22,36.13
3201,154,104.4,21,391:389,31.22,37.47
3208,155,104.4,21,386:386:395,31.22,37.58
3209,154,104.4,21,391:386,31.22,37.65
3211,155,104.4,21,386,31.22,37.65
3214,154,104.4,21,782:386,31.22,36.91
3216,155,104.2,21,386:386,31.22,36.91
3217,154,104.2,21,391:391:391,31.22,36.91
3221,152,104.2,21,397:391:391,31.22,36.42
3222,153,104.2,21,388:391:393,31.22,36.42
3224,154,104.2,21,395:386:386,31.22,36.09
3230,155,104.4,21,384:386:389,31.22,35.87
3231,154,104.4,21,391:388:382,31.22,35.87
3232,155,104.4,21,395:386,31.22,35.87
3233,153,104.4,21,391:393:388,31.22,35.87
3234,154,104.4,21,388,31.22,35.87
3240,155,104.0,21,384:386:388,31.22,36.28
3241,154,104.0,21,393:391,31.22,36.28
3246,155,104.4,21,386:388,31.22,35.21
3247,154,104.4,21,389:393:389,31.22,35.21
3254,155,104.4,21,386:386,31.22,36.25
3255,154,104.4,21,395:389:388,31.22,36.25
3266,153,104.4,21,393:783,31.22,36.98
3267,154,104.4,21,777:386,31.22,36.98
3268,155,104.4,21,386:395,31.22,36.98
3269,153,104.4,21,391:393:393,31.22,36.85
3271,154,104.6,21,386:395:388,31.22,36.85
3273,153,104.4,21,379:393:395,31.22,36.85
3274,152,104.4,21,395:388,31.22,36.38
3275,154,104.4,21,388:391:391,31.22,36.38
3277,155,104.2,21,388:386:395,31.22,36.38
3281,154,104.0,21,397:388:388,31.22,35.28
3283,155,104.0,21,384:388:388,31.22,35.28
3285,154,104.2,21,389:391:382,31.22,34.54
3286,155,104.2,21,384:389:388,31.22,34.54
3287,154,104.2,21,388:393:386,31.22,34.54
3288,155,104.2,21,388:388,31.22,34.54
3289,154,104.2,21,389:391:386,31.22,33.65
3290,155,104.2,21,388:395,31.22,33.65
3291,154,104.2,21,388:388,31.22,33.65
3293,155,104.2,21,386:386:389,31.22,33.65
3294,154,104.2,21,397:386:391,31.22,33.85
3295,153,104.2,21,393:395,31.22,33.85
3297,154,104.2,21,391:388,31.22,33.85
3303,155,104.4,21,388:388:391,31.22,34.38
3304,154,104.4,21,395:389,31.22,35.91
3306,155,104.4,21,388:386:386,31.22,35.91
3308,156,104.4,21,384:384:389,31.22,35.91
3309,155,104.4,21,389:384,31.22,36.93
3313,156,104.2,21,384:386,31.22,36.93
3314,155,104.2,21,386:388:388,31.22,36.43
3318,156,104.0,21,386:379,31.22,36.43
3319,154,104.0,21,783:776,31.22,36.88
3320,155,104.0,21,386:393:386,31.22,36.88
3322,156,104.0,21,393:384:384,31.22,36.88
3324,155,104.0,21,393:388:386,31.22,36.01
3326,156,104.0,21,384:384:388,31.22,36.01
3327,155,104.2,21,388:388:388,31.22,36.01
3329,154,104.2,21,389:778,31.22,35.42
3331,156,104.2,21,382:382:393,31.22,35.42
3332,154,104.2,21,398:391,31.22,35.42
3336,155,104.2,21,386:386:393,31.22,35.42
3337,154,104.2,21,386:391,31.22,35.42
3343,153,104.4,21,395:391:391,31.22,36.21
3344,154,104.4,21,388:389,31.22,35.56
3345,153,104.4,21,391:391:391,31.22,35.56
3347,154,104.4,21,388:388:388,31.22,35.56
3349,153,104.4,21,395:386:393,31.22,34.33
3351,154,104.4,21,391:388:391,31.22,34.33
3352,153,104.4,21,393:389:395,31.22,34.33
3355,154,104.4,21,388:386:393,31.22,35.49
3356,153,104.4,21,391:395,31.22,35.49
3357,154,104.2,21,388:391:395,31.22,35.49
3358,153,104.2,21,393:389,31.22,35.49
3360,152,104.2,21,393:395,31.22,36.65
3362,153,104.2,21,393:389:400,31.22,36.65
3363,152,104.2,21,395:393:393,31.22,36.65
3364,153,104.2,21,393:391,31.22,36.24
3367,152,104.2,21,393:395:388,31.22,36.24
3369,153,104.2,21,395:391:391,31.22,36.36
3371,152,104.2,21,395:395,31.22,36.36
3373,153,104.2,21,391:395,31.22,36.36
3375,152,104.2,21,791:389:397,31.22,36.05
3377,153,104.2,21,397:391,31.22,36.05
3378,152,104.2,21,395:393:393,31.22,36.05
3380,153,104.2,21,393:393:388,31.22,35.85
3381,152,104.2,21,395:395,31.22,35.85
3383,153,104.2,21,391:386,31.22,35.85
3387,154,104.0,21,388:395,31.22,37.68
3391,153,104.0,21,391:393,31.22,37.71
3392,154,104.0,21,388:779,31.22,37.71
3402,155,104.0,21,772:388:386,31.22,38.54
3404,154,104.0,21,391:388:395,31.22,37.11
3405,155,104.0,21,386:386,31.22,37.11
3416,154,104.0,21,386:391:386:391,31.22,39.06
3418,155,104.0,21,388:386:384,31.22,39.06
3420,154,104.0,21,391:388:384,31.22,37.85
3421,155,104.0,21,393:388:386,31.22,37.85
3423,154,104.0,21,391,31.22,37.85
3424,155,104.0,21,771:381:393,31.22,36.65
3425,154,104.0,21,391:393:388,31.22,36.65
3427,155,104.0,21,388:388:386,31.22,36.65
3429,154,104.0,21,389:388:386,31.22,35.85
3430,155,104.0,21,384:389,31.22,35.85
3432,156,104.0,21,384:388,31.22,35.85
3433,154,104.0,21,388:384:388:389,31.22,35.85
3435,155,104.0,21,384:386:388,31.22,34.92
3439,154,104.0,21,393:391:386,31.22,33.52
3443,153,104.0,21,397:391:395,31.22,33.52
3444,154,104.0,21,384:388,31.22,32.19
3446,153,104.0,21,393:393,31.22,32.19
3448,154,104.0,21,388:391,31.22,32.19
3451,153,104.0,21,393:786,31.22,32.09
3453,154,104.0,21,391:395:389,31.22,32.09
3454,153,104.0,21,393,31.22,32.41
3455,154,104.0,21,388:391:395,31.22,32.41
3457,153,104.0,21,395:391:389,31.22,32.41
3458,154,104.0,21,389:389,31.22,32.41
3459,153,104.0,21,395:391:393,31.22,32.24
3461,154,104.0,21,389:397:391,31.22,32.24
3463,153,104.2,21,393:395:391,31.22,32.24
3465,154,104.2,21,391:388:398,31.22,32.12
3466,152,104.2,21,398:389:395,31.22,32.12
3467,153,104.2,21,393:393:388,31.22,32.12
3476,154,103.8,21,398:389,31.22,33.3
3477,153,103.8,21,391:395:393,31.22,33.3
3480,154,104.0,21,386:397,31.22,33.22
3481,153,104.0,21,393:391:395,31.22,33.22
3482,154,104.0,21,388:391:391,31.22,33.22
3484,153,104.0,21,398:391:391,31.22,33.96
3493,152,104.0,21,395:393,31.22,32.87
3494,153,104.0,21,393:388:398,31.22,34.51
3495,152,104.0,21,395:393,31.22,34.51
3499,153,104.0,21,388:393:393,31.22,35.61
3501,152,104.0,21,397:389,31.22,35.61
3502,153,104.0,21,395:391,31.22,35.61
3504,152,104.0,21,391:395:397,31.22,36.73
3507,153,104.0,21,391:391:395,31.22,36.73
3513,152,103.8,21,393:395,31.22,36.69
3514,153,104.0,21,393,31.22,35.88
3515,152,104.0,21,1177:395:393,31.22,35.88
3517,153,104.0,21,389:783,31.22,35.88
3522,152,104.0,21,391:395,31.22,35.73
3523,153,104.0,21,393:388:393,31.22,35.73
3532,152,104.0,21,400:391:395,31.22,37.53
3533,153,104.0,21,393:393:395,31.22,38.01
3541,154,104.0,21,388,31.22,36.76
3542,152,104.0,21,1185:393,31.22,36.76
3544,153,103.8,21,391:389:384,31.22,36.71
3545,152,103.8,21,402:395:389,31.22,36.71
3546,154,103.8,21,386:393,31.22,36.71
3547,153,103.8,21,388:393:395,31.22,36.71
3548,154,103.8,21,389:391:389,31.22,36.71
3552,153,103.8,21,386:391:393,31.22,37.86
3554,154,103.8,21,388:404:391,31.22,38.23
3560,153,103.8,21,391:393:386,31.22,37.69
3561,154,103.8,21,395:389:388,31.22,37.69
3563,153,103.8,21,393:391:391,31.22,37.69
3564,154,103.8,21,388:391:388,31.22,36.94
3568,153,103.8,21,1172,31.22,36.94
3569,154,103.8,21,388:388,31.22,37.22
3570,153,103.8,21,393:393:393,31.22,37.22
3572,154,103.8,21,386:391:389,31.22,37.22
3575,153,103.8,21,393:391:391,31.22,37.41
3577,154,103.8,21,388:389:389,31.22,37.41
3579,153,103.8,21,393:393:388,31.22,36.75
3583,152,103.8,21,395:391,31.22,36.75
3584,154,103.8,21,389:391:388,31.22,38.28
3586,153,103.8,21,393:391:372,31.22,38.28
3596,152,104.0,21,1175:395:395,31.22,37.22
3602,153,103.8,21,391:393:393,31.22,36.23
3603,152,103.8,21,395:395,31.22,36.23
3605,153,103.6,21,389:389,31.22,36.75
3608,152,103.6,21,393:395:395,31.22,36.75
3610,153,103.6,21,391,31.22,36.31
3615,152,103.6,21,395:395:395,31.22,36.41
3616,153,103.8,21,389:391,31.22,36.41
3621,152,103.8,21,393:391,31.22,38.05
3622,153,103.8,21,1182,31.22,38.05
3626,152,103.8,21,395:395,31.22,36.78
3628,153,103.8,21,391:398,31.22,36.78
3629,152,103.8,21,393:395:391,31.22,37.51
3630,153,103.8,21,393:388:402,31.22,37.51
3631,151,103.8,21,397:395,31.22,37.51
3632,152,103.8,21,393:389:398,31.22,37.51
3633,151,103.8,21,395:395,31.22,37.51
3634,152,103.8,21,790:393,31.22,36.43
3635,153,103.8,21,388:402,31.22,36.43
3636,152,104.0,21,395:395:398,31.22,36.43
3639,151,104.0,21,795,31.22,35.7
3642,152,104.0,21,395:395,31.22,35.7
3644,151,104.0,21,796:395,31.22,36.4
3646,150,104.0,21,398:400,31.22,36.4
3649,149,104.0,21,1200:402:398,31.22,36.08
3650,150,104.0,21,397:400,31.22,36.08
3651,151,104.0,21,397:391:402,31.22,36.08
3652,150,104.0,21,402:398,31.22,36.08
3653,151,104.0,21,397:395:395,31.22,36.08
3654,152,104.0,21,395:397,31.22,37.43
3655,151,104.0,21,398:397,31.22,37.43
3656,152,104.0,21,393:395:393,31.22,37.43
3657,151,104.0,21,397:397:395,31.22,37.43
3658,152,104.0,21,395:395,31.22,37.43
3659,153,104.0,21,391:787,31.22,38.34
3661,152,104.0,21,404:393:395,31.22,38.34
3664,153,104.0,21,388:400:391,31.22,39.34
3668,152,104.0,21,395:395:393,31.22,39.34
3670,153,104.0,21,393:393:395,31.22,37.25
3677,155,104.0,21,386:395,31.22,37.04
3678,153,104.0,21,391:393:391:389,31.22,37.29
3679,154,103.8,21,391:386,31.22,37.29
3689,153,104.2,21,391:386,31.22,37.44
3690,154,104.2,21,389:393:384,31.22,37.44
3693,155,104.2,21,388:386,31.22,37.44
3695,154,104.2,21,388:393:391,31.22,38.74
3704,153,103.6,21,391:395:393,31.22,39.39
3706,154,103.6,21,777:388,31.22,39.39
3708,153,103.8,21,391:393,31.22,39.39
3709,154,103.8,21,389:384:398,31.22,40.43
3711,153,104.0,21,395:393:391,31.22,40.43
3712,154,104.0,21,391:389:386,31.22,40.43
3714,153,104.0,21,391:391:388,31.22,38.37
3715,154,104.2,21,391:391,31.22,38.37
3718,152,104.2,21,395:389:393,31.22,38.37
3719,153,104.2,21,395:388,31.22,38.57
3721,152,104.2,21,393:391,31.22,38.57
3722,153,104.2,21,389:395:395,31.22,38.57
3725,152,104.2,21,391:397,31.22,37.92
3726,151,104.2,21,397:397:393,31.22,37.92
3727,152,104.2,21,395:395,31.22,37.92
3728,151,104.2,21,391:400:395,31.22,37.92
3735,152,104.2,21,782,31.22,37.72
3736,150,104.2,21,402:404:393,31.22,37.72
3737,151,104.2,21,395:395,31.22,37.72
3747,152,104.2,21,395:398,31.22,37.5
3748,151,104.2,21,397:393:400,31.22,37.2
3750,152,104.2,21,395:393:395,31.22,37.2
3751,151,104.2,21,397:400,31.22,37.2
3752,152,104.2,21,393:395:393,31.22,37.2
3755,151,104.2,21,398:395,31.22,35.82
3756,152,104.2,21,395:398:395,31.22,35.82
3758,151,104.2,21,1187:398,31.22,35.82
3760,152,104.2,21,395:393:395,31.22,34.91
3763,151,104.2,21,395:400:395,31.22,35.08
3768,150,104.2,21,398:792,31.22,35.08
3769,151,104.2,21,398:397:395,31.22,34.8
3770,152,104.2,21,395:397,31.22,34.8
3773,151,104.2,21,398:397,31.22,34.8
3783,152,104.2,21,393:395:395,31.22,35.54
3789,151,104.2,21,397:395:395,31.22,36.27
3790,152,104.2,21,395:393,31.22,36.27
3794,151,104.0,21,391:398:398,31.22,35.59
3795,152,104.0,21,391:395,31.22,35.59
3801,153,104.0,21,391:391,31.22,36.33
3804,152,104.2,21,397:395:395,31.22,37.6
3806,153,104.2,21,393:393:395,31.22,37.6
3807,152,104.2,21,397:393,31.22,37.6
3818,153,104.0,21,395:389,31.22,37.45
3819,152,104.0,21,402:393:395,31.22,38.74
3830,151,104.2,21,398:397,31.22,39.13
3835,152,104.2,21,395:395,31.22,37.9
3836,151,104.2,21,395:400:395,31.22,37.9
3837,152,104.2,21,395:395,31.22,37.9
3844,151,104.2,21,391:395,31.22,35.61
3845,152,104.2,21,395:391:393,31.22,35.61
3846,153,104.2,21,395:393:393,31.22,35.61
3848,154,104.2,21,397:386,31.22,35.61
3851,153,104.2,21,393:386,31.22,35.94
3854,152,104.2,21,395:395:393,31.22,37.35
3855,153,104.2,21,389:388,31.22,37.35
3856,154,104.2,21,400:389,31.22,37.35
3857,152,104.2,21,398:395:395,31.22,37.35
3858,151,104.2,21,397:395:400,31.22,37.35
3859,152,104.2,21,395:393:400,31.22,37.89
3860,150,104.2,21,402:397,31.22,37.89
3862,149,104.2,21,810,31.22,37.89
3864,148,104.2,21,405:397,31.22,39.43
3866,149,104.2,21,800:407:404,31.22,39.43
3868,148,104.2,21,409:402:407,31.22,38.49
3870,147,104.2,21,409:407,31.22,38.49
3871,148,104.2,21,400:412:405,31.22,38.49
3873,147,104.2,21,407:402:412,31.22,38.49
3876,146,104.2,21,409:402:412,31.22,38.26
,,,,,,
